Andorra,University of Andorra
United Arab Emirates,Abu Dhabi University
United Arab Emirates,Ajman University of Science & Technology
United Arab Emirates,Alain University of Science and Technology
United Arab Emirates,Al Ghurair University
United Arab Emirates,Alhosn University
United Arab Emirates,Al Khawarizmi International College
United Arab Emirates,American College Of Dubai
United Arab Emirates,American University in Dubai
United Arab Emirates,American University in the Emirates
United Arab Emirates,American University of Sharjah
United Arab Emirates,British University in Dubai
United Arab Emirates,Dubai Medical College for Girls
United Arab Emirates,Dubai Pharmacy College
United Arab Emirates,Etisalat University College
United Arab Emirates,Gulf Medical University
United Arab Emirates,Hamdan Bin Mohammed e-University
United Arab Emirates,Higher Colleges of Technology
United Arab Emirates,Ittihad University
United Arab Emirates,Jumeira University
United Arab Emirates,Khalifa University
United Arab Emirates,Khalifa University of Science, Technology and Research
United Arab Emirates,Masdar University Of Science And Technology
United Arab Emirates,New York University, Abu Dhabi
United Arab Emirates,Paris-Sorbonne University Abu Dhabi
United Arab Emirates,Rak Medical & Health Sciences University
United Arab Emirates,Rochester Institute of Technology, Dubai
United Arab Emirates,Skyline University College, Sharjah
United Arab Emirates,Synergy University, Dubai Campus
United Arab Emirates,The Emirates Academy of Hotel Managment
United Arab Emirates,The Petroleum Institute
United Arab Emirates,United Arab Emirates University
United Arab Emirates,University Of Dubai
United Arab Emirates,University of Jazeera
United Arab Emirates,University of Sharjah
United Arab Emirates,University of Wollongong - Dubai Campus
United Arab Emirates,Zayed University
Afghanistan,Afghan University
Afghanistan,Al-Birony University
Afghanistan,American University of Afghanistan
Afghanistan,Aria Institute of Higher Education
Afghanistan,Badakhshan University
Afghanistan,Baghlan University
Afghanistan,Bakhtar University
Afghanistan,Balkh University
Afghanistan,Bamiyan University
Afghanistan,Bost University
Afghanistan,Dawat University
Afghanistan,Dunya Institute of Higher Education
Afghanistan,Faryab Higher Education Institute
Afghanistan,Ghazni University
Afghanistan,Herat University
Afghanistan,Ibn Sina University
Afghanistan,Jawzjan University
Afghanistan,Kaboora Institute of Higher Education
Afghanistan,Kabul Education University
Afghanistan,Kabul Health Sciences Institute
Afghanistan,Kabul Medical University
Afghanistan,Kabul University
Afghanistan,Kandahar University
Afghanistan,Kardan University
Afghanistan,Karwan Institute of Higher Education
Afghanistan,Kateb Institute of Higher Education
Afghanistan,Khana-e-Noor Institute of Higher Education
Afghanistan,Khurasan University
Afghanistan,Maryam Institute of Higher Education
Afghanistan,Nangarhar University
Afghanistan,National Military Academy of Afghanistan
Afghanistan,Paktia University
Afghanistan,Pamir University
Afghanistan,Parwan University
Afghanistan,Polytechnical University of Kabul
Afghanistan,Rana Institute of Higher Education
Afghanistan,Sadat Institute of Higher Education
Afghanistan,Salam University
Afghanistan,Shaikh Zayed University
Afghanistan,Taj Institute of Higher Education
Afghanistan,Takhar University
Antigua and Barbuda,American University of Antigua
Antigua and Barbuda,University of Health Sciences Antigua
Albania,Academy of Arts
Albania,Academy of Sports and Physical Training
Albania,Agricultural University of Tirane
Albania,American University of Tirana
Albania,Beder University
Albania,Epoka University
Albania,Polytechnic University of Tirane
Albania,University of Elbasan Aleksander Xhuvani
Albania,University of Gjirokstra Eqerem Cabej
Albania,University of Korca Fan Noli
Albania,University of New York Tirana
Albania,University of Shkodra Luigj Gurakuqi
Albania,University of Tirana
Albania,University of Vlora Ismail Qemali
Albania,University ‚ÄúPavaresia‚Äù Vlore
Armenia,American University of Armenia
Armenia,Armenian State Agrarian University
Armenia,Armenian State University of Economics
Armenia,Eurasia International University
Armenia,European Regional Educational Academy of Armenia
Armenia,French University in Armenia (UFAR)
Armenia,Mehrabyan Medical Institute and Medical College
Armenia,Russian-Armenian (Slavonic) State University
Armenia,State Engineering University of Armenia
Armenia,Yerevan Haibusak University
Armenia,Yerevan State Medical University
Armenia,Yerevan State University
Netherlands Antilles,American University of the Caribbean, Sint Maarten
Netherlands Antilles,International University School of Medicine (IUSOM)
Netherlands Antilles,St.James's School of Medicine, Bonaire
Netherlands Antilles,University of Sint Eustatius School of Medicine
Netherlands Antilles,University of the Netherlands Antilles, Curacao
Angola,Universidade CatÛlica de Angola
Angola,Universidade Gregorio Semedo
Angola,Universidade Independente de Angola
Angola,Universidade LusÌ≠ada de Angola
Angola,Universidade Metodista de Angola
Angola,Universidade Metropolitana de Angola
Angola,Universidade Tecnica de Angola
Angola,Univesidade Agostinho Neto
Argentina,IESE - Instituto de EnseÒanza Superior del EjÈrcito
Argentina,Instituto Nacional de EducaciÛn FÌ≠sica General Manuel Belgrano
Argentina,Instituto TecnolÛgico de Buenos Aires
Argentina,Instituto Universitario AeronÌ°utico
Argentina,Instituto Universitario CEMA
Argentina,Instituto Universitario de Ciencias de la Salud FundaciÛn H.A. BarcelÛ
Argentina,Instituto Universitario de Estudios Navales y MarÌ≠timos
Argentina,Instituto Universitario de la Policia Federal
Argentina,Instituto Universitario Nacional del Arte
Argentina,Universidad Abierta Interamericana
Argentina,Universidad Adventista del Plata
Argentina,Universidad Argentina de la Empresa
Argentina,Universidad Argentina John F. Kennedy
Argentina,Universidad Atlantida Argentina
Argentina,Universidad Austral Buenos Aires
Argentina,Universidad AutÛnoma de Entre RÌ≠os
Argentina,Universidad Blas Pascal
Argentina,Universidad CAECE, Buenos Aires
Argentina,Universidad CatÛlica Argentina Santa Maria de los Buenos Aires
Argentina,Universidad CatÛlica de CÛrdoba
Argentina,Universidad CatÛlica de Cuyo
Argentina,Universidad CatÛlica de La Plata
Argentina,Universidad CatÛlica de Salta
Argentina,Universidad CatÛlica de Santa Fe
Argentina,Universidad CatÛlica de Santiago del Estero
Argentina,Universidad Champagnat
Argentina,Universidad de Belgrano
Argentina,Universidad de Bologna - RepresentaciÛn en Buenos Aires
Argentina,Universidad de Buenos Aires
Argentina,Universidad de Ciencias Empresariales y Sociales
Argentina,Universidad de ConcepciÛn del Uruguay
Argentina,Universidad de Congreso
Argentina,Universidad de Flores - Buenos Aires
Argentina,Universidad del Aconcagua
Argentina,Universidad de la Cuenca del Plata
Argentina,Universidad de la Fraternidad de Agrupaciones Santo Tomas de Aquino (FASTA)
Argentina,Universidad de la Marina Mercante
Argentina,Universidad del Centro Educativo Latinoamericano Rosario
Argentina,Universidad del Cine - Buenos Aires
Argentina,Universidad del Museo Social Argentino
Argentina,Universidad del Norte Santo TomÌ°s de Aquino
Argentina,Universidad del Salvador
Argentina,Universidad de Mendoza
Argentina,Universidad de MorÛn
Argentina,Universidad de Palermo
Argentina,Universidad de San Andres
Argentina,Universidad Empresarial Siglio 21
Argentina,Universidad ISALUD
Argentina,Universidad Juan AgustÌ≠n Maza
Argentina,Universidad MaimÛnides
Argentina,Universidad Nacional de Catamarca
Argentina,Universidad Nacional de CÛrdoba
Argentina,Universidad Nacional de Cuyo
Argentina,Universidad Nacional de Entre RÌ≠os
Argentina,Universidad Nacional de Formosa
Argentina,Universidad Nacional de General San MartÌ≠n
Argentina,Universidad Nacional de General Sarmiento
Argentina,Universidad Nacional de Jujuy
Argentina,Universidad Nacional de La Matanza
Argentina,Universidad Nacional de Lanus
Argentina,Universidad Nacional de La Pampa
Argentina,Universidad Nacional de la Patagonia Austral
Argentina,Universidad Nacional de la Patagonia San Juan Bosco
Argentina,Universidad Nacional de La Plata
Argentina,Universidad Nacional de La Rioja
Argentina,Universidad Nacional del Centro de la Provincia de Buenos Aires
Argentina,Universidad Nacional del Comahue
Argentina,Universidad Nacional del Littoral
Argentina,Universidad Nacional del Nordeste
Argentina,Universidad Nacional del Noroeste de la Provincia de Buenos Aires
Argentina,Universidad Nacional de Lomas de Zamora
Argentina,Universidad Nacional del Sur
Argentina,Universidad Nacional de LujÌ°n
Argentina,Universidad Nacional de Mar del Plata
Argentina,Universidad Nacional de Misiones
Argentina,Universidad Nacional de Quilmes
Argentina,Universidad Nacional de RÌ≠o Cuarto
Argentina,Universidad Nacional de Rosario
Argentina,Universidad Nacional de Salta
Argentina,Universidad Nacional de San Juan
Argentina,Universidad Nacional de San Luis
Argentina,Universidad Nacional de Santiago del Estero
Argentina,Universidad Nacional de Tres de Febrero
Argentina,Universidad Nacional de TucumÌ°n
Argentina,Universidad Nacional de Villa MarÌ≠a
Argentina,Universidad Notarial Argentina
Argentina,Universidad TecnolÛgica Nacional
Argentina,Universidad Torcuato di Tella
Austria,Akademie der bildenden K¸nste Wien
Austria,Donau- Universit‰t Krems
Austria,Fachhochschule Burgenland
Austria,Fachhochschule f¸r Bank- und Finanzwirtschaft
Austria,Fachhochschule JOANNEUM
Austria,Fachhochschule KÌ§rnten
Austria,Fachhochschule Krems
Austria,Fachhochschule Kufstein (Tirol)
Austria,Fachhochschule Salzburg
Austria,Fachhochschule St. Pˆlten
Austria,Fachhochschule Vorarlberg
Austria,Fachhochschule Wiener Neustadt
Austria,Fachhochschule der Wiener Wirtschaft
Austria,Fachhochschule  Hagenberg
Austria,Fachhochschule  IMC
Austria,Fachhochschule  Steyr
Austria,Fachhochschule  Wels
Austria,Institute of Science and Technology
Austria,Katholisch-Theologische Privat Universit‰t Linz
Austria,MCI-Management Center Innsbruck
Austria,Medizinische  Universit‰t Graz
Austria,Medizinische  Universit‰t Innsbruck
Austria,Medizinische  Universit‰t Wien
Austria,Montan Universit‰t Leoben
Austria,Private  Universit‰t f¸r Medizinische Informatik und Technik Tirol
Austria,Technikum Wien
Austria,Technische  Universit‰t Graz
Austria,Technische  Universit‰t Wien
Austria, Universit‰t f¸r angewandte Kunst Wien
Austria, Universit‰t f¸r Bodenkultur Wien
Austria, Universit‰t f¸r k¸nstlerische und industrielle Gestaltung Linz
Austria, Universit‰t f¸r Musik und darstellende Kunst Graz
Austria, Universit‰t f¸r Musik und darstellende Kunst  Wien
Austria, Universit‰t Graz
Austria, Universit‰t Innsbruck
Austria, Universit‰t Klagenfurt
Austria, Universit‰t Linz
Austria, Universit‰t Mozarteum Salzburg
Austria, Universit‰t Salzburg
Austria, Universit‰t Vienna
Austria,VeterinÌ§rmedizinische  Universit‰t Wien
Austria,Webster University, Vienna
Austria,Wirtschafts Universit‰t Wien
Australia,Australian Catholic University
Australia,Australian Correspondence Schools
Australia,Australian Defence Force Academy
Australia,Australian Lutheran College
Australia,Australian Maritime College
Australia,Australian National University
Australia,Avondale College
Australia,Batchelor Institute of Indigenous Tertiary Education
Australia,Blue Mountains Hotel School
Australia,Bond University
Australia,Central Queensland University
Australia,Charles Darwin University
Australia,Charles Sturt University
Australia,Curtin University of Technology
Australia,Deakin University
Australia,Edith Cowan University
Australia,Flinders University of South Australia
Australia,Griffith University
Australia,Holmes Institute
Australia,Institute Of Technology, Australia
Australia,International College of Tourism and Hotel Management
Australia,James Cook University of North Queensland
Australia,La Trobe University
Australia,Macquarie University
Australia,Marcus Oldham College
Australia,Monash University
Australia,Murdoch University
Australia,Queensland University of Technology
Australia,Royal Melbourne Institute of Technology
Australia,Southern Cross University
Australia,Swinburne University of Technology
Australia,University of Adelaide
Australia,University of Ballarat
Australia,University of Canberra
Australia,University of Divinity
Australia,University of Melbourne
Australia,University of Newcastle
Australia,University of New England
Australia,University of New South Wales
Australia,University of Notre Dame Australia
Australia,University of Queensland
Australia,University of South Australia
Australia,University of Southern Queensland
Australia,University of Sydney
Australia,University of Tasmania
Australia,University of Technology Sydney
Australia,University of the Sunshine Coast
Australia,University of Western Australia
Australia,University of Western Sydney
Australia,University of Wollongong
Azerbaijan,Academy of Public Administration
Azerbaijan,Azerbaijan Diplomatic Academy
Azerbaijan,Azerbaijan International University
Azerbaijan,Azerbaijan Medical University
Azerbaijan,Azerbaijan National Conservatorie
Azerbaijan,Azerbaijan State Economic University
Azerbaijan,Azerbaijan State Oil Academy
Azerbaijan,Azerbaijan Technical University
Azerbaijan,Azerbaijan Technology University
Azerbaijan,Azerbaijan Toursim Institute
Azerbaijan,Azerbaijan University
Azerbaijan,Azerbaijan University ol Languages
Azerbaijan,Baki Business University
Azerbaijan,Baku Slavic University
Azerbaijan,Baku State University
Azerbaijan,Ganja State University 
Azerbaijan,Khazar University
Azerbaijan,Lankaran State University
Azerbaijan,Nakhchivan Private University
Azerbaijan,Nakhchivan State University
Azerbaijan,National Aviation Academy
Azerbaijan,Odlar Yurdu University
Azerbaijan,Police Academy
Azerbaijan,Qafqaz University
Azerbaijan,Sumgait State University
Azerbaijan,Western University
Bosnia and Herzegovina,American University
Bosnia and Herzegovina,International Burch University
Bosnia and Herzegovina,International University of Sarajevo
Bosnia and Herzegovina,International University of Travnik
Bosnia and Herzegovina,Sarajevo Film Academy
Bosnia and Herzegovina,Slobomir P Univerzitet
Bosnia and Herzegovina,University of Banja Luka
Bosnia and Herzegovina,University of Bihac
Bosnia and Herzegovina,University of East Srarajevo
Bosnia and Herzegovina,University of Mostar
Bosnia and Herzegovina,University of Sarajevo
Bosnia and Herzegovina,University of Tuzla
Bosnia and Herzegovina,University of Zenica
Bosnia and Herzegovina,University Vitez In Travnik
Bosnia and Herzegovina,Univerzitet u Mostaru Dzemal Bijedic
Barbados,University of the West Indies, Cave Hill
Bangladesh,Ahsanullah University of Science & Technology
Bangladesh,American International University - Bangladesh
Bangladesh,Asa University Bangladesh
Bangladesh,Asian University of Bangladesh
Bangladesh,Atish Dipankar University
Bangladesh,Bangabandhu Sheikh Mujibur Rahman Agricultural University
Bangladesh,Bangabandhu Sheikh Mujibur Rahman Medical University
Bangladesh,Bangladesh Agricultural University
Bangladesh,Bangladesh Open University
Bangladesh,Bangladesh University
Bangladesh,Bangladesh University of Business & Technology
Bangladesh,Bangladesh University of Engineering and Technology
Bangladesh,Bangladesh University of Professionals
Bangladesh,Bangladesh University of Textiles
Bangladesh,Begum Rokeya University, Rangpur
Bangladesh,BGC Trust University, Bangladesh
Bangladesh,Brac University
Bangladesh,Chittagong Independent University
Bangladesh,Chittagong University of Engineering and Technology
Bangladesh,City University
Bangladesh,Comilla University
Bangladesh,Daffodil International University
Bangladesh,Darul Ihsan University
Bangladesh,Dhaka International University
Bangladesh,Dhaka University of Engineering and Technology
Bangladesh,East Delta University
Bangladesh,Eastern University
Bangladesh,East West University
Bangladesh,East-West University, Mohakhali
Bangladesh,Green University of Bangladesh
Bangladesh,Hajee Mohammad Danesh Science and Technology University
Bangladesh,IBAIS University
Bangladesh,Independent University, Bangladesh
Bangladesh,International Culture University 
Bangladesh,International Islamic University Chittagong
Bangladesh,International University of Business Agriculture and Technology
Bangladesh,Islamic University Kushtia
Bangladesh,Islamic University of Technology
Bangladesh,Jagannath University
Bangladesh,Jahangirnagar University
Bangladesh,Jatiya Kabi Kazi Nazrul Islam University
Bangladesh,Khulna University
Bangladesh,Khulna University of Engineering And Technology
Bangladesh,Leading University
Bangladesh,Manarat International University
Bangladesh,Mawlana Bhashani Science And Technology University
Bangladesh,Metropolitan University
Bangladesh,Military Institute of Science and Technology
Bangladesh,National University
Bangladesh,Noakhali University of Science and Technology
Bangladesh,North East University Bangladesh
Bangladesh,Northern University Bangladesh
Bangladesh,North South University
Bangladesh,Pabna University of Science and Technology
Bangladesh,Patuakhali Science and Technology University
Bangladesh,People's University of Bangladesh
Bangladesh,Premier University
Bangladesh,Presidency University
Bangladesh,Queens University
Bangladesh,Rajshahi University of Engineering and Technology
Bangladesh,Shahjalal University of Science and Technology
Bangladesh,Southeast University
Bangladesh,Southern University Bangladesh
Bangladesh,Stamford University
Bangladesh,Sylhet Agricultural University
Bangladesh,Sylhet Engineering College
Bangladesh,Sylhet International University
Bangladesh,United International University
Bangladesh,University of Asia Pacific, Dhanmondi
Bangladesh,University of Chittagong
Bangladesh,University of Development Alternative
Bangladesh,University of Dhaka
Bangladesh,University of Information Technology & Sciences
Bangladesh,University of Liberal Arts
Bangladesh,University of Rajshahi
Bangladesh,University of Science & Technology Chittagong
Bangladesh,World University of Bangladesh
Belgium,Brexgata University Academy
Belgium,Brussels Management School (ICHEC)
Belgium,Brussels School of International Studies
Belgium,College of Europe
Belgium,Continental Theological Seminary
Belgium,ECAM Institut SupÈrieur Industriel
Belgium,EHSAL - Europese Hogeschool Brussel
Belgium,Erasmushogeschool Brussel
Belgium,European Carolus Magnus University
Belgium,European International University
Belgium,Evangelische Theologische Faculteit, Leuven
Belgium,FacultÈ Polytechnique de Mons
Belgium,FacultÈ Universitaires Catholiques de Mons
Belgium,FacultÈ Universitaires Notre-Dame de la Paix
Belgium,FacultÈ Universitaires Saint-Louis
Belgium,FacultÈ Universitaire des Sciences Agronomiques de Gembloux
Belgium,Fondation Universitaire Luxembourgeoise
Belgium,Hasselt University
Belgium,Hogere Zeevaartschool - Maritime Academy
Belgium,Hogeschool Antwerpen
Belgium,Hogeschool voor Wetenschap en Kunst (VLEKHO), Brussel
Belgium,Hogeschool voor Wetenschap & Kunst
Belgium,Hogeschool West-Vlaanderen (TU)
Belgium,Karel De Grote Hogeschool
Belgium,Katholieke Hogeschool Kempen
Belgium,Katholieke Hogeschool Leuven
Belgium,Katholieke Hogeschool Limburg
Belgium,Katholieke Universiteit Brussel
Belgium,Katholieke Universiteit Leuven
Belgium,Katholieke Universiteit Leuven, Campus Kortrijk
Belgium,Royal Military Academy
Belgium,Thierry Graduate School of Leadership
Belgium,United Business Institute
Belgium,UniversitÈ Catholique de Louvain
Belgium,UniversitÈ de LiËge
Belgium,UniversitÈ de Mons-Hainaut
Belgium,Universiteit Antwerpen
Belgium,Universiteit Antwerpen Management School
Belgium,Universiteit Antwerpen, UFSIA
Belgium,Universiteit Gent
Belgium,UniversitÈ  Libre de Bruxelles
Belgium,Vesalius College
Belgium,Vlerick Leuven Gent Management School
Belgium,Vrije Universiteit Brussel
Burkina Faso,UniversitÈ de Ouagadougou
Bulgaria,Academy of Economics Dimitur A. Tscenov
Bulgaria,Academy of Music, Dance and Fine Arts
Bulgaria,Agricultural University of Plovdiv
Bulgaria,American University in Bulgaria
Bulgaria,Bourgas Free University
Bulgaria,Bourgas University Prof. Assen Zlatarov
Bulgaria,City University Programs in Bulgaria 
Bulgaria,International University College
Bulgaria,Medical University of Sofia
Bulgaria,Medical University Pleven
Bulgaria,Medical University Plovdiv
Bulgaria,Medical University Varna
Bulgaria,Military University Shoumen
Bulgaria,National Academy for Theatre and Film Arts Krustju Sarafov
Bulgaria,National Academy of Arts
Bulgaria,National Academy of Music Pantcho Vladigerov
Bulgaria,National Sports Academy Sofia
Bulgaria,New Bulgarian University
Bulgaria,Shoumen University Konstantin Preslavski
Bulgaria,Sofia University St. Kliment Ohridski
Bulgaria,South-West University Neofit Rilski
Bulgaria,Technical University of Gabrovo
Bulgaria,Technical University of Sofia
Bulgaria,Technical University of Varna
Bulgaria,Trakia University Stara Zagora
Bulgaria,University of Architecture, Civil Engineering and Geodesy
Bulgaria,University of Chemical Technology and Metallurgy
Bulgaria,University of Economics Varna
Bulgaria,University of Food Technology
Bulgaria,University of Forestry Sofia
Bulgaria,University of Mining and Geology St. Ivan Rils
Bulgaria,University of National and World Economy
Bulgaria,University of Plovdiv
Bulgaria,University of Rousse
Bulgaria,Varna Free University
Bulgaria,Veliko Turnovo University Cyril and Methodius
Bahrain,Al Ahlia University
Bahrain,Ama International University
Bahrain,Applied Science University
Bahrain,Arabian Gulf University
Bahrain,Arab Open University
Bahrain,Bahrain Polytechnic
Bahrain,Gulf University College
Bahrain,New York Instiute of Technology
Bahrain,RCSI-Medical University of Bahrain
Bahrain,The Kingdom University
Bahrain,University College Bahrain
Bahrain,University of Bahrain
Burundi,Hope Africa University
Burundi,UniversitÈ du Burundi
Burundi,UniversitÈ LumiËre de Bujumbura
Benin,Espam Formation University
Benin,Houdegbe North American University Benin
Benin,UniversitÈ d'Abomey-Calavi (UAC)
Bermuda,Bermuda College
Brunei Darussalam,Institut Teknologi Brunei
Brunei Darussalam,Universiti Islam Sultan Sharif Ali
Brunei Darussalam,University of Brunei Darussalam
Bolivia (Plurinational State of),Escuela Militar de IngenierÌ≠a
Bolivia (Plurinational State of),Universidad Adventista de Bolivia
Bolivia (Plurinational State of),Universidad Amazonica de Pando
Bolivia (Plurinational State of),Universidad Andina SimÛn Bolivar
Bolivia (Plurinational State of),Universidad AutÛnoma del Beni JosÈ Ballivi‡°n
Bolivia (Plurinational State of),Universidad AutÛnoma Gabriel RenÈ Moreno
Bolivia (Plurinational State of),Universidad AutÛnoma Juan Misael Saracho
Bolivia (Plurinational State of),Universidad AutÛnoma TomÌ°s FrÌ≠as
Bolivia (Plurinational State of),Universidad CatÛlica Boliviana, Cochabamba
Bolivia (Plurinational State of),Universidad CatÛlica Boliviana, La Paz
Bolivia (Plurinational State of),Universidad CatÛlica Boliviana, Santa Cruz
Bolivia (Plurinational State of),Universidad CatÛlica Boliviana, Tarija
Bolivia (Plurinational State of),Universidad Central
Bolivia (Plurinational State of),Universidad de Aquino Bolivia
Bolivia (Plurinational State of),Universidad Domingo Savio
Bolivia (Plurinational State of),Universidad Empresarial Mateo Kuljis
Bolivia (Plurinational State of),Universidad Juan Misael Saracho
Bolivia (Plurinational State of),Universidad Los Andes
Bolivia (Plurinational State of),Universidad Mayor de San AndrÈs
Bolivia (Plurinational State of),Universidad Mayor de San SimÛn
Bolivia (Plurinational State of),Universidad Nacional Siglo XX Llallagua
Bolivia (Plurinational State of),Universidad Nuestra Senora de La Paz
Bolivia (Plurinational State of),Universidad NUR
Bolivia (Plurinational State of),Universidad Privada Abierta Latinoamericana
Bolivia (Plurinational State of),Universidad Privada Boliviana
Bolivia (Plurinational State of),Universidad Privada del Valle
Bolivia (Plurinational State of),Universidad Privada de Santa Cruz de la Sierra
Bolivia (Plurinational State of),Universidad Privada Franz Tamayo (UNIFRANZ)
Bolivia (Plurinational State of),Universidad Salesiana de Bolivia
Bolivia (Plurinational State of),Universidad San Francisco Xavier
Bolivia (Plurinational State of),Universidad San Francisco Xavier de Chuquisaca
Bolivia (Plurinational State of),Universidad TÈcnica de Oruro
Brazil,Centro Regional UniversitÌ°rio de EspirÌ≠to Santo do Pinhal
Brazil,Centro UniversitÌ°rio Adventista de S„o Paulo
Brazil,Centro UniversitÌ°rio Barao de Maua
Brazil,Centro UniversitÌ°rio Claretiano
Brazil,Centro UniversitÌ°rio de Araraquara
Brazil,Centro UniversitÌ°rio de Jo„o Pessoa
Brazil,Centro UniversitÌ°rio Monte Serrat
Brazil,Centro UniversitÌ°rio Newton Paiva
Brazil,Centro UniversitÌ°rio Plinio Leite
Brazil,Centro UniversitÌ°rio Senac
Brazil,EMESCAM - Escola Superior de CiÌ™ncias da Santa Casa de MisericÛrdia de VitÛria
Brazil,FAAP - FundaÁ„o Armando Alvares Penteado
Brazil,Faculdade Integradas do CearÌ°
Brazil,Faculdade Italo Brasileira
Brazil,Faculdade JaguariÌ∫na
Brazil,Faculdades Integradas Curitiba
Brazil,Faculdades Integradas do Brasil - UNIBRASIL
Brazil,Faculdades Integradas Toledo
Brazil,Faculdades Integradas UPIS
Brazil,FAE Business School - Faculdade de AdministraÁ„o e Economia
Brazil,FundaÁ„o Educacional de Ituverava
Brazil,Instituto MauÌ° de Tecnologia
Brazil,Instituto Nacional de MatemÌ°tica Pura e Aplicada - IMPA
Brazil,Instituto TecnolÛgico de AeronÌ°utica
Brazil,PontifÌ≠cia Universidade CatÛlica de Campinas
Brazil,PontifÌ≠cia Universidade CatÛlica de Minas Gerais
Brazil,PontifÌ≠cia Universidade CatÛlica de S„o Paulo
Brazil,Pontificia Universidade CatÛlica do ParanÌ°
Brazil,PontifÌ≠cia Universidade CatÛlica do Rio de Janeiro
Brazil,PontifÌ≠cia Universidade CatÛlica do Rio Grande do Sul
Brazil,Universidade Bandeirante de S„o Paulo
Brazil,Universidade Braz Cubas
Brazil,Universidade Camilo Castelo Branco
Brazil,Universidade Candido Mendes
Brazil,Universidade Castelo Branco
Brazil,Universidade CatÛlica de BrasÌ≠lia
Brazil,Universidade CatÛlica de GoiÌ°s
Brazil,Universidade CatÛlica de Pelotas
Brazil,Universidade CatÛlica de Pernambuco
Brazil,Universidade CatÛlica de PetrÛpolis
Brazil,Universidade CatÛlica de Salvador
Brazil,Universidade CatÛlica de Santos
Brazil,Universidade CatÛlica Dom Bosco
Brazil,Universidade Cidade de S„o Paulo
Brazil,Universidade Cruzeiro do Sul
Brazil,Universidade da AmazÌ¥nia
Brazil,Universidade da Regi„o da Campanha
Brazil,Universidade de Alfenas
Brazil,Universidade de BrasÌ≠lia
Brazil,Universidade de Caxias do Sul
Brazil,Universidade de Cruz Alta
Brazil,Universidade de Fortaleza
Brazil,Universidade de Franca
Brazil,Universidade de Guarulhos
Brazil,Universidade de ItaÌ∫na
Brazil,Universidade de MarÌ≠lia
Brazil,Universidade de Mogi das Cruzes
Brazil,Universidade de Nova IguaÁu
Brazil,Universidade de Passo Fundo
Brazil,Universidade de Pernambuco
Brazil,Universidade de Ribeir„o Preto
Brazil,Universidade de Santa Cruz do Sul
Brazil,Universidade de Santo Amaro
Brazil,Universidade de S„o Paulo
Brazil,Universidade de TaubatÈ
Brazil,Universidade de Tocantins
Brazil,Universidade de Uberaba
Brazil,Universidade de Vila Velha
Brazil,Universidade do Amazonas
Brazil,Universidade do Estado da Bahia
Brazil,Universidade do Estado de Santa Catarina
Brazil,Universidade do Estado do Rio de Janeiro
Brazil,Universidade do Estado do Rio Grande do Norte
Brazil,Universidade do Extremo Sul Catarinense
Brazil,Universidade do Grande Rio
Brazil,Universidade do Oeste de Santa Catarina
Brazil,Universidade do Oeste Paulista
Brazil,Universidade do Rio de Janeiro
Brazil,Universidade do Rio Grande
Brazil,Universidade do Sagrado CoraÁ„o
Brazil,Universidade do Sul de Santa Catarina
Brazil,Universidade do Vale do ItajaÌ≠
Brazil,Universidade EstÌ°cio de SÌ°
Brazil,Universidade Estadual da ParaÌ≠ba
Brazil,Universidade Estadual de Campinas
Brazil,Universidade Estadual de Feira de Santana
Brazil,Universidade Estadual de Londrina
Brazil,Universidade Estadual de MaringÌ°
Brazil,Universidade Estadual de Montes Claros
Brazil,Universidade Estadual de Ponta Grossa
Brazil,Universidade Estadual de Santa Cruz
Brazil,Universidade Estadual do CearÌ°
Brazil,Universidade Estadual do Centro-Oeste
Brazil,Universidade Estadual do Maranh„o
Brazil,Universidade Estadual do Norte Fluminense
Brazil,Universidade Estadual do Oeste do ParanÌ°
Brazil,Universidade Estadual do PiauÌ≠
Brazil,Universidade Estadual do Vale do AcaraÌ∫
Brazil,Universidade Estadual Paulista
Brazil,Universidade Estadual Sudoeste da Bahia
Brazil,Universidade Federal da Bahia
Brazil,Universidade Federal da Grande Dourados
Brazil,Universidade Federal da ParaÌ≠ba
Brazil,Universidade Federal de Alagoas
Brazil,Universidade Federal de Campina Grande
Brazil,Universidade Federal de GoiÌ°s
Brazil,Universidade Federal de Juiz de Fora
Brazil,Universidade Federal de Lavras
Brazil,Universidade Federal de Mato Grosso
Brazil,Universidade Federal de Mato Grosso do Sul
Brazil,Universidade Federal de Minas Gerais
Brazil,Universidade Federal de Ouro Preto
Brazil,Universidade Federal de Pelotas
Brazil,Universidade Federal de Pernambuco
Brazil,Universidade Federal de RondÌ¥nia
Brazil,Universidade Federal de Roraima
Brazil,Universidade Federal de Santa Catarina
Brazil,Universidade Federal de Santa Maria
Brazil,Universidade Federal de S„o Carlos
Brazil,Universidade Federal de S„o Paulo
Brazil,Universidade Federal de Sergipe
Brazil,Universidade Federal de UberlÌ¢ndia
Brazil,Universidade Federal de ViÁosa
Brazil,Universidade Federal do ABC
Brazil,Universidade Federal do Acre
Brazil,Universidade Federal do AmapÌ°
Brazil,Universidade Federal do CearÌ°
Brazil,Universidade Federal do EspÌ≠rito Santo
Brazil,Universidade Federal do Maranh„o
Brazil,Universidade Federal do ParÌ°
Brazil,Universidade Federal do ParanÌ°
Brazil,Universidade Federal do PiauÌ≠
Brazil,Universidade Federal do Rio de Janeiro
Brazil,Universidade Federal do Rio Grande do Norte
Brazil,Universidade Federal do Rio Grande do Sul
Brazil,Universidade Federal do Vale do S„o Francisco
Brazil,Universidade Federal Fluminense
Brazil,Universidade Federal Rural de Pernambuco
Brazil,Universidade Federal Rural do Rio de Janeiro
Brazil,Universidade Federal Rural do Semi-ÌÅrido
Brazil,Universidade Gama Filho
Brazil,Universidade Ibirapuera
Brazil,Universidade Luterana do Brasil
Brazil,Universidade Mackenzie
Brazil,Universidade Metodista de Piracicaba
Brazil,Universidade Metropolitana de Santos
Brazil,Universidade para o Desenvolvimento do Alto Vale do ItajaÌ≠
Brazil,Universidade Paulista
Brazil,Universidade Potiguar
Brazil,Universidade Regional de Blumenau
Brazil,Universidade Regional do Cariri
Brazil,Universidade Regional do Noroeste do Estado do Rio Grande do Sul
Brazil,Universidade Regional Integrada do Alto Uruguai e das MissÌµes
Brazil,Universidade Salgado de Oliveira
Brazil,Universidade Salvador
Brazil,Universidade Santa CecÌ≠lia dos Bandeirantes
Brazil,Universidade Santa Ìörsula
Brazil,Universidade S„o Francisco
Brazil,Universidade S„o Judas Tadeu
Brazil,Universidade S„o Marcos
Brazil,Universidade Tiradentes
Brazil,Universidade Vale do Paraiba
Brazil,Universidade Vale do Rio Doce
Brazil,Universidade Vale do Rio dos Sinos
Brazil,Universidade Veiga de Almeida
Bahamas,The College of The Bahamas
Bhutan,Royal University of Bhutan
Botswana,ABM University College
Botswana,Botho University
Botswana,Botswana Accountancy College
Botswana,Botswana College of Agriculture
Botswana,Botswana International University of Science & Technology
Botswana,Gaborone Universal College of Law
Botswana,New Era College of Arts, Science & Technology
Botswana,University of Botswana
Belarus,Academy of Public Administration of Belarus
Belarus,Academy of the Ministry of Internal Affairs of the Republic of Belarus
Belarus,Belarusian-Russian University
Belarus,Belarussian National Technical University
Belarus,Belarussian State Academy of Music
Belarus,Belarussian State Agrarian Technical University
Belarus,Belarussian State Agricultural Academy
Belarus,Belarussian State Economic University
Belarus,Belarussian State Medical University
Belarus,Belarussian State Pedagogical University M. Tanka
Belarus,Belarussian State Polytechnical Academy
Belarus,Belarussian State Technological University
Belarus,Belarussian State University
Belarus,Belarussian State University of Culture and Arts
Belarus,Belarussian State University of Informatics and Radioelectronics
Belarus,Belarussian State University of Transport
Belarus,Brest State Technical University
Belarus,Brest State University
Belarus,European Humanities University
Belarus,Gomel State Medical University
Belarus,Gomel State Technical University Pavel Sukhoi
Belarus,Gomel State University Francisk Scarnia
Belarus,Grodno State Agrarian University
Belarus,Grodno State Medical University
Belarus,Grodno State University Yanka Kupaly
Belarus,Institute for Command Engineers of The Ministry for Emergency Situations
Belarus,International Sakharov Environmental University
Belarus,Minsk Institute of Management
Belarus,Minsk State Linguistic University
Belarus,Mogilev State University A.A. Kuleshov
Belarus,Mozyr State Pedagogical Institute
Belarus,Polotsk State University
Belarus,Vitebsk State Academy of Veterinary Medicine
Belarus,Vitebsk State Medical University
Belarus,Vitebsk State Technological University
Belarus,Vitebsk State University
Belize,American University of the Caribbean, School of Medicine
Belize,Central America Health Sciences University (Belize Medical College)
Belize,Greenford International University
Belize,University of Belize
Belize,West Coast University (WCU) 
Canada,Acadia University
Canada,Algonquin College
Canada,Ashton College
Canada,Assumption University
Canada,Athabasca University
Canada,Augustana University College
Canada,Bishop's University
Canada,Bow Valley College
Canada,Brandon University
Canada,Brescia College
Canada,British Columbia Institute of Technology
Canada,British Columbia Open University
Canada,Brock University
Canada,Camosun College
Canada,Campion College
Canada,Canadian College of Business & Computers
Canada,Canadian Mennonite University
Canada,Capilano College
Canada,Carleton University
Canada,Centennial College
Canada,CollËge BorÈal
Canada,College of New Caledonia
Canada,College of the Rockies
Canada,Columbia College
Canada,Concordia University
Canada,Concordia University College of Alberta
Canada,Conestoga College
Canada,Dalhousie University
Canada,DeVry Institute of Technology
Canada,Dominican College of Philosophy and Theology
Canada,Douglas College
Canada,Durham College
Canada,Ìâcole des Hautes Ìâtudes Commerciales
Canada,…cole de technologie supÈrieure, UniversitÈ du QuÈbec
Canada,…cole nationale d'administration publique, UniversitÈ du QuÈbec
Canada,…cole Polytechnique de MontrÈal, UniversitÈ de MontrÈal
Canada,Emily Carr Institute of Art + Design
Canada,First Nations University of Canada
Canada,George Brown College
Canada,Humber College
Canada,Huron University College
Canada,Institut Armand-Frappier, UniversitÈ du QuÈbec
Canada,Institut National de la Recherche Scientifique, UniversitÈ du QuÈbec
Canada,King's College
Canada,Kingston College
Canada,King's University College
Canada,Kwantleen University College
Canada,Lakehead University
Canada,Langara College
Canada,Lansbridge University
Canada,Laurentian University of Sudbury
Canada,Luther College
Canada,MacEwan University
Canada,Malaspina University College
Canada,McGill University
Canada,McMaster University
Canada,Memorial University of Newfoundland
Canada,Mount Allison University
Canada,Mount Royal College
Canada,Mount Saint Vincent University
Canada,Nicola Valley Institute of Technology
Canada,Nipissing University
Canada,Northern Alberta Institute of Technology
Canada,Northern Lights College
Canada,North Island College
Canada,Nova Scotia Agricultural College
Canada,Nova Scotia College of Art and Design
Canada,Okanagan University College
Canada,Ontario College of Art and Design
Canada,Pacific International College
Canada,Queen's University
Canada,Quest University
Canada,Redeemer College
Canada,Regent College
Canada,Royal Military College of Canada
Canada,Royal Roads University
Canada,Ryerson Polytechnic University
Canada,Saskatchewan Indian Federated College
Canada,Sauder School of Business
Canada,Selkirk College
Canada,Seneca College
Canada,Sheridan College
Canada,Simon Fraser University
Canada,Southern Alberta Institute of Technology
Canada,St. Anne University
Canada,St. Clair College
Canada,St. Francis Xavier University
Canada,St. Mary's University
Canada,St. Paul University
Canada,St. Thomas University
Canada,TÈlÈ-UniversitÈ, UniversitÈ du QuÈbec
Canada,Thompson Rivers University
Canada,Trent University
Canada,Trinity Western University
Canada,UniversitÈ de MontrÈal
Canada,UniversitÈ de Sherbrooke
Canada,UniversitÈ du QuÈbec ‡ Chicoutimi
Canada,UniversitÈ du QuÈbec ‡†MontrÈal
Canada,UniversitÈ du QuÈbec ‡ Rimouski
Canada,UniversitÈ du QuÈbec ‡†Trois-Rivi‡®res
Canada,UniversitÈ du QuÈbec en Abitibi-TÈmiscamingue
Canada,UniversitÈ du QuÈbec en Outaouais
Canada,UniversitÈ Laval
Canada,University Canada West
Canada,University College of Cape Breton
Canada,University College of Saint-Boniface
Canada,University College of the Cariboo
Canada,University College of the Fraser Valley
Canada,University of Alberta
Canada,University of British Columbia
Canada,University of Calgary
Canada,University of Guelph
Canada,University of King's College
Canada,University of Lethbridge
Canada,University of Manitoba
Canada,University of Moncton
Canada,University of Moncton, Edmundston
Canada,University of Moncton, Shippagan
Canada,University of New Brunswick
Canada,University of New Brunswick, Saint John
Canada,University of Northern British Columbia
Canada,University of Ontario Institute of Technology
Canada,University of Ottawa
Canada,University of Prince Edward Island
Canada,University of QuÈbec
Canada,University of Regina
Canada,University of Saskatchewan
Canada,University of St. Jerome's College
Canada,University of St. Michael's College
Canada,University of Sudbury
Canada,University of Toronto
Canada,University of Toronto, Mississauga
Canada,University of Toronto, Scarborough
Canada,University of Trinity College
Canada,University of Victoria
Canada,University of Waterloo
Canada,University of Western Ontario
Canada,University of Windsor
Canada,University of Winnipeg
Canada,Vancouver Community College
Canada,Victoria University Toronto, University of Toronto
Canada,Wilfrid Laurier University
Canada,William and Catherine Booth College
Canada,York University
Canada,Yukon College
Congo (the Democratic Republic of the),UniversitÈ Catholique de Bukavu
Congo (the Democratic Republic of the),UniversitÈ ChrÈtienne Bilingue du Congo
Congo (the Democratic Republic of the),UniversitÈ de Bandundu Ville
Congo (the Democratic Republic of the),UniversitÈ de Kamina
Congo (the Democratic Republic of the),UniversitÈ de Kikwite
Congo (the Democratic Republic of the),UniversitÈ de Kinshasa
Congo (the Democratic Republic of the),UniversitÈ de Kisangani
Congo (the Democratic Republic of the),UniversitÈ de Kolwezi
Congo (the Democratic Republic of the),UniversitÈ de Lubumbashi
Congo (the Democratic Republic of the),UniversitÈ de l'UÈlÈ
Congo (the Democratic Republic of the),UniversitÈ Kongo
Congo (the Democratic Republic of the),UniversitÈ Protestante au Congo
Congo (the Democratic Republic of the),UniversitÈ Shalom de Bunia
Central African Republic,UniversitÈ de Bangui
Congo,University Marien Ngouabi Brazzaville
Switzerland,Business and Hotel Management School
Switzerland,Business School Lausanne (BSL)
Switzerland,Cubidor University Switzerland
Switzerland,DCT International Hotel & Business Management School
Switzerland,European Graduate School, Media & Communications
Switzerland,European University
Switzerland,Fachhochschule Pur
Switzerland,Fachhochschule St. Gallen
Switzerland,Franklin College Switzerland
Switzerland,Geneva Business School
Switzerland,Glion Institute of Higher Education
Switzerland,Graduate School of Business Administration Zurich (GSBA Zurich)
Switzerland,Hochschule f¸r Gestaltung und Kunst Z¸rich
Switzerland,International Culinary Institute (ICI)
Switzerland,International Hotel Management Institute
Switzerland,International School of Business Management
Switzerland,International University in Geneva
Switzerland,Lausanne Hotel School (EHL)
Switzerland,Les Roches GruyÌ®re University of Applied Sciences
Switzerland,Les Roches International School of Hotel Management
Switzerland,Libera UniversitÌ† degli Studi di Scienze Umane e Tecnologiche
Switzerland,Lucerne University of Applied Sciences and Arts 
Switzerland,NTB Interstate University of Applied Sciences of Technology
Switzerland,PÌ§dagogische Hochschule Z¸rich (Zurich School of Education)
Switzerland,Schiller International University, American College of Switzerland
Switzerland,School of Management Fribourg
Switzerland,Swiss Business School Zurich (SBS)
Switzerland,Swiss Federal Institute of Technology, Lausanne
Switzerland,Swiss Federal Institute of Technology, Zurich
Switzerland,Swiss Management Center
Switzerland,University Center CÈsar Ritz
Switzerland,University of Applied Sciences Aargau
Switzerland,University of Applied Sciences Basel (FHBB )
Switzerland,University of Applied Sciences Chur
Switzerland,University of Applied Sciences Rapperswil
Switzerland,University of Applied Sciences Solothurn Northwestern Switzerland
Switzerland,University of Basel
Switzerland,University of Berne
Switzerland,University of Fribourg
Switzerland,University of Geneva
Switzerland,University of Lausanne
Switzerland,University of Lucerne
Switzerland,University of Neuchatel
Switzerland,University of St. Gallen
Switzerland,University of Switzerland
Switzerland,University of the Italian-speaking Part of Switzerland
Switzerland,University of Z¸rich
Switzerland,Victoria University
Switzerland,Webster University Geneva
Switzerland,Zurich University of Applied Sciences Winterthur
CÙte d'Ivoire,UniversitÈ d'Abobo-AdjamÈ
CÙte d'Ivoire,UniversitÈ de BouakÈ
CÙte d'Ivoire,UniversitÈ de Cocody
Chile,Escuela de Arquitectura y DiseÌ±o
Chile,Pontificia Universidad Catolica de Chile
Chile,Universidad Academia de Humanismo Cristiano
Chile,Universidad Academia de Humanismo Cristiano
Chile,Universidad Adolfo IbaÌ±ez
Chile,Universidad Adolfo IbÌ°Ì±ez
Chile,Universidad Adventista de Chile
Chile,Universidad Alberto Hurtado
Chile,Universidad Arcis
Chile,Universidad Arturo Prat
Chile,Universidad Austral de Chile
Chile,Universidad Autonoma del Sur
Chile,Universidad Bernardo O'Higgins
Chile,Universidad Bolivariana
Chile,Universidad CatÛlica Cardenal RaÌ∫l Silva HenrÌ≠quez
Chile,Universidad Catolica de La SantÌ≠sima ConcepciÛn
Chile,Universidad Catolica del Maule
Chile,Universidad Catolica del Norte
Chile,Universidad Catolica de Temuco
Chile,Universidad Catolica de Valparaiso
Chile,Universidad Central
Chile,Universidad Chileno Britanica de Cultura
Chile,Universidad de Aconcagua
Chile,Universidad de Antofagasta
Chile,Universidad de Artes, Ciencias y ComunicaciÛn
Chile,Universidad de Atacama
Chile,Universidad de Chile
Chile,Universidad de Ciencias de la Informatica
Chile,Universidad de Concepcion
Chile,Universidad de La Frontera
Chile,Universidad de Las AmÈricas
Chile,Universidad de La Serena
Chile,Universidad del BÌ≠o-BÌ≠o
Chile,Universidad del Desarrollo
Chile,Universidad del Mar
Chile,Universidad de Los Andes
Chile,Universidad de Los Lagos
Chile,Universidad del PacÌ≠fico
Chile,Universidad de Magallanes
Chile,Universidad de Playa Ancha de Ciencias de la Educacion
Chile,Universidad de San Andres
Chile,Universidad de Santiago de Chile
Chile,Universidad de Talca
Chile,Universidad de TarapacÌ°
Chile,Universidad de Valparaiso
Chile,Universidad de ViÌ±a del Mar
Chile,Universidad Diego Portales
Chile,Universidad Finis Terrae
Chile,Universidad Francisco de Aguirre
Chile,Universidad Gabriela Mistral
Chile,Universidad Iberoamericana de Ciencias y Tecnologia
Chile,Universidad International SEK, Santiago
Chile,Universidad JosÈ Santos Ossa
Chile,Universidad La Republica
Chile,Universidad Mariano EgaÌ±a
Chile,Universidad Maritima de Chile
Chile,Universidad Mayor
Chile,Universidad Metropolitana de Ciencias de la EducaciÛn
Chile,Universidad Miguel de Cervantes
Chile,Universidad Nacional AndrÈs Bello
Chile,Universidad San Sebastian
Chile,Universidad Santo TomÌ°s
Chile,Universidad TÈcnica Federico Santa MarÌa
Chile,Universidad TecnolÛgica Metropolitana
Chile,Universidad Tecnologica Vicente Perez Rosales
Cameroon,Bamenda University of Science & Technology
Cameroon,Fomic Polytechnic
Cameroon,UniversitÈ de Bamenda
Cameroon,UniversitÈ de BuÈa
Cameroon,UniversitÈ de Douala
Cameroon,UniversitÈ de Dschang
Cameroon,UniversitÈ de NgaoundÈrÈ
Cameroon,UniversitÈ des Montagnes
Cameroon,UniversitÈ de YaoundÈ I
Cameroon,UniversitÈ de YaoundÈ II
China,2nd Military Medical University
China,3rd Military Medical University
China,4th Military Medical University
China,Anhui Medical University
China,Anhui Normal University
China,Anhui Technical College of Water Resources and Hydroelectric Power
China,Anhui University
China,Anhui University of Finance and Economics
China,Anhui University of Traditional Chinese Medicine
China,Beijing Foreign Studies University
China,Beijing Forestry University
China,Beijing Information Science and Technology University
China,Beijing Institute of Technology
China,Beijing International Studies University
China,Beijing Language and Culture University
China,Beijing Medical University
China,Beijing New Asia University
China,Beijing Normal University
China,Beijing Petroleum University
China,Beijing Polytechnic University
China,Beijing Sport University
China,Beijing Union University
China,Beijing University of Aeronautics and Astronautics
China,Beijing University of Agriculture
China,Beijing University of Chemical Technology
China,Beijing University of Chinese Medicine and Pharmacology
China,Beijing University of Posts and Telecommunications
China,Beijing University of Science and Technology
China,Bohai University
China,Buddhist Acamedy of China
China,Capital Normal University
China,Capital University of Economics and Business
China,Capital University of Medical Sciences
China,Central Academy of  Fine Art
China,Central China Normal University
China,Central Radio and TV University
China,Central South Forestry University
China,Central South University
China,Central University for Nationalities
China,Central University of Finance and Economics
China,Changchun Teachers College
China,Changchun University of Technology
China,Changsha Railway University
China,Changsha University of Electric Power
China,Chengdu Institute of Sichuan International Studies University
China,Chengdu University
China,Chengdu University of Technology
China,Chengdu University of Traditional Chinese Medicine
China,China Academy of Art
China,China Agricultural University
China,China Agriculture University East
China,China Foreign Affairs University
China,China Medical University Shenyang
China,China Pharmaceutical University Nanjing
China,China Three Gorges University
China,China University of Geoscience Beijing
China,China University of Geosciences Wuhan
China,China University of Mining Technology - Beijing
China,China University of Mining Technology - Xuzhou
China,China University of Political Science and Law
China,China USA Business University
China,China youth college for political science
China,Chinese People's Public Security University
China,Chongqing Education College
China,Chongqing Medical University
China,Chongqing Normal University
China,Chongqing Normal University Foreign Trade and Business College
China,Chongqing Technology and Business University
China,Chongqing Telecommunication College
China,Chongqing Three Gorges University
China,Chongqing University
China,Chongqing University of Communications
China,Chongqing University of Post and Telecommunications
China,Chongqing University of Science and Technology 
China,Chongqing University of Technology
China,Chongqing Vocational College of Public Transportation
China,Chongqing Wenli University
China,Civil Aviation University of China
China,Communication University of China
China,Dalian Martime University
China,Dalian Medical University
China,Dalian Polytechnic University
China,Dalian University
China,Dalian University of Foreign Language
China,Dalian University of Technology
China,Dongbei University of Finance And Economics
China,Donghua University, Shanghai
China,East China Jiao Tong University
China,East China Normal University
China,East China University of Science and Technology
China,Emeishan Buddhist College
China,Foshan University
China,Fudan University
China,Fujian Agricultural University
China,Fujian Medical University
China,Fujian Normal University
China,Fujian University of Traditional Chinese Medicine
China,Fushun Petroleum University
China,Fuzhou University
China,Gansu Agricultural University
China,Gansu University of Technology
China,Guangdong Peizheng College 
China,Guangdong Polytechnic Normal University
China,Guangdong Radio & TV University
China,Guangdong University of Foreign Studies
China,Guangdong University of Technology
China,Guangxi Medical University
China,Guangxi Normal University
China,Guangxi Traditional Chinese Medical University
China,Guangxi University
China,Guangxi University for Nationalities
China,Guangzhou Academy of Fine Art
China,Guangzhou Normal University
China,Guangzhou University
China,Guangzhou University of Traditional Chinese Medicine
China,Guizhou Normal University
China,Guizhou University
China,Hainan Normal University
China,Hainan University
China,Harbin Engineering University
China,Harbin Institute of Technology
China,Harbin Medical University
China,Harbin Normal University
China,Harbin University of Civil Engineering & Architecture
China,Harbin University of Science and Technology
China,Hebei Academy of Fine Art
China,Hebei Agricultural University
China,Hebei Medical University
China,Hebei Normal University
China,Hebei United University
China,Hebei University
China,Hebei University of Economics and Trade
China,Hebei University of Science and Technology
China,Hebei University of Technology
China,Hefei University of Technology
China,Hehai University
China,Heilongjiang August 1st Reclamation University
China,Heilongjiang Commercial University
China,Heilongjiang University
China,Henan Agriculture University
China,Henan Buddhist College
China,Henan Normal University
China,Henan Univeristy
China,Hohai University Changzhou
China,Huaihai Institute of Technology
China,Huaihua Medical College
China,Huaihua Radio and Television University
China, Huaihua University
China,Huanghe Science & Technology University
China,Huaqiao University Quanzhuo
China,Huazhong Agricultural University
China,Huazhong University of Science and Technology
China,Hubei University
China,Huizhou University
China,Hunan Agricultural University
China,Hunan Normal University
China,Hunan University
China,Inner Mongolia Agricultural University
China,Inner Mongolia Normal University
China,Inner Mongolia Polytechnic University
China,Inner Mongolia University
China,International Business University of Beijing
China,Jiangsu University of Science and Technology
China,Jiangxi Agricultural University
China,Jiangxi Normal University
China,Jiangxi University of Finance and Economics
China,Jiangxi University of Traditional Chinese Medicine
China,Jiaying University
China,Jilin Agricultural University
China,Jilin University
China,Jilin University of Technology
China,Jimei University
China,Jinan University
China,Jingdezhen China Institute
China,Jishou University
China,Kunmimg University of Science and Technology
China,Lanzhou University
China,Liaocheng Teachers University
China,Liaoning Normal University
China,Liaoning Technical University
China,Liaoning University
China,Logistics Engineering University of PLA
China,Ludong University
China,Luxun Academy of Fine Art
China,Luzhou Medical College
China,Nanchang University
China,Nanjing Agricultural University
China,Nanjing Forestry University
China,Nanjing Institute of Meteorology
China,Nanjing Medical University
China,Nanjing Normal University
China,Nanjing Union Theological Seminary
China,Nanjing University
China,Nanjing University of Aeronautics and Astronautics
China,Nanjing University of Chemical Technology
China,Nanjing University of Economics
China,Nanjing University of Posts and Telecommunications
China,Nanjing University of Science and Technology
China,Nanjing University of Traditional Chinese Medicine
China,Nankai University
China,National University of Defense Technology
China,Neijiang Teacher University
China,Ningbo University
China,Ningbo University of Technology
China,Ningxia Medical College
China,Ningxia University
China,North China Electric Power University
China,North China University of Technology
China,Northeast Agricultural University
China,Northeastern University
China,Northeast Forest University
China,Northeast Normal University
China,Northeast University at Qinhuangdao Campus
China,Northern Jiaotong University
China,Northern Sichuan Medical College
China,Northwest A&F University
China,Northwest Normal University Lanzhou
China,Northwest Polytechnical University Xi'an
China,Northwest University Xi'an
China,Ocean University of China
China,Panzhihua University
China,Peking University
China,Qingdao University
China,Qingdao University of Science and Technology
China,Qinghai Normal University
China,Qinghai Radio & Television University
China,Qinghai University
China,Qiongzhou University
China,Qufu Normal University
China,Renmin University of China
China,Shaanxi Normal University
China,Shandong Agricultural University
China,Shandong Economic University
China,Shandong Medical University
China,Shandong Normal University
China,Shandong University
China,Shandong University of Art and Design
China,Shandong University of Science and Technology
China,Shandong University of Technology
China,Shandong University of Triaditional Chinese Medicine
China,Shanghai Business School
China,Shanghai City College
China,Shanghai Customs College
China,Shanghai Dainji University
China,Shanghai Institue of Foreign Trade
China,Shanghai International Studies University
China,Shanghai Jiaotong University
China,Shanghai Lida Polytechnic Institute
China,Shanghai Lixin University of Commerce
China,Shanghai Maritime University
China,Shanghai Medical University
China,Shanghai Normal University
China,Shanghai Ocean University
China,Shanghai Ouhua Vocational Technical College
China,Shanghai Sanda University
China,Shanghai Second Medical University
China,Shanghai Second Polytechnic University
China,Shanghai Sipo Polytechnic
China,Shanghai Television University
China,Shanghai TieDao University
China,Shanghai University
China,Shanghai University of Engineering Science
China,Shanghai University of Finance and Economics
China,Shanghai University of Science and Technology
China,Shanghai University of Traditional Chinese Medicine and Pharmacology
China,Shantou University
China,Shanxi Agricultural University
China,Shanxi Normal University
China,Shanxi University
China,Shaoguan University
China,Shenyang Institute of Chemical Technology
China,Shenyang Jianzhu University
China,Shenyang Pharmaceutical University
China,Shenyang Polytechnic University
China,Shenyang University
China,Shenzhen University
China,Shihezi University 
China,Sichuan Agricultural University
China,Sichuan Fine Art Institute
China,Sichuan International Studies University
China,Sichuan Normal University
China,Sichuan University
China,South China Agricultural University
China,South China Construction University
China,South China Normal University
China,South China University
China,South China University of Technology
China,Southeast University
China,Southern Medial University
China,Southern Yangtze University
China,South University of Science and Technology of China 
China,Southwest Agricultural University
China,Southwest Forestry University
China,Southwest Jiaotong University
China,Southwest Petroleum University
China,Southwest University
China,Southwest University of Finance and Economics
China,Southwest University of Nationalities
China,Southwest University of Political Science and Law
China,Southwest University of Science and Technology
China,South West University Yucai College
China,Sun Yat-Sen University of Medical Sciences
China,Suzhou University
China,Taiyuan University of Technology
China,Taizhou College
China,Tarim University
China,The University of Nottingham Ningbo China
China,Tianjin Academy of Fine Art
China,Tianjin Medical University
China,Tianjin Normal University
China,Tianjin Open University
China,Tianjin Polytechnic University
China,Tianjin University
China,Tianjin University of Commerce
China,Tianjin University of Finance & Economics
China,Tianjin University of Technology
China,Tibet Agricultural and Animal Husbandry College
China,Tibet Tibetan Medical College
China,Tibet University
China,Tibet University of Nationalities
China,Tongji Medical University
China,Tongji University
China,Tsinghua University
China,University of Electronic Science and Technology of China
China,University of Hydraulic Electric Engineering
China,University of International Business and Economics
China,University of Jinan
China,University of Petroleum (East China)
China,University of Science and Technology Beijing
China,University of Science and Technology of China
China,Urumqi Vocational University
China,Wenzhou Medical College
China,Wenzhou University
China,West China University of Medical Sciences
China,Wudanshan Taoist College 
China,Wuhan Automobile Polytechnical University
China,Wuhan Technical University of Surveying and Mapping
China,Wuhan Transportation University
China,Wuhan University
China,Wuhan University of Hydraulic and Electric Engineering
China,Wuhan University of Technology
China,Wuhan University School of Medicine
China,Wuxi University of Light Industry
China,Wuyi University
China,Xiamen University
China,Xi'an Academy of Fine Art
China,Xiangtan Normal University
China,Xiangtan University
China,Xi'an Highway University
China,Xi'an International Studies University
China,Xi'an Jiaotong-Liverpool University
China,Xi'an Jiaotong University
China,Xi'an University of Architecture and Technology
China,Xi'an University of Electronic Science and Technology
China,Xi'an University of Technology
China,Xihua University
China,Xijiang University
China,Xinghai Conservatory of Music
China,Xinjiang Agriculture University
China,Xinjiang Normal University
China,Xinjiang University
China,Xinjiang University of Finance and Economics
China,Xuzhou Normal University
China,Yan'an University
China,Yanbian University
China,Yanbian University of Science and Technology
China,Yangtze Normal University
China,Yangtze University
China,Yangzhou University
China,Yan Shan University
China,Yantai Education Institute & Yantai Television University
China,Yantai University
China,Yunnan Agriculture University
China,Yunnan Normal University
China,Yunnan University
China,Zhanjiang Ocean University
China,Zhejiang Forestry University
China,Zhejiang Gongshang University
China,Zhejiang Normal University
China,Zhejiang Sci-Tech University 
China,Zhejiang University
China,Zhejiang University of Technology
China,Zhengda Software College
China,Zhengzhou Grain University
China,Zhengzhou University of Technology
China,Zhongnan University of Economics and Law
China,Zhongnan University of Finance and Economics
China,Zhongnan University of Technology
China,Zhongshan University
Colombia,Centro de Estudios InvestigaciÛn y TecnologÌ≠a (CEIT)
Colombia,Colegio de Estudios Superiores de AdministraciÛn (CESA)
Colombia,Conservatorio del Tolima
Colombia,CorporaciÛn Educativa Mayor del Desarrollo SimÛn Bolivar
Colombia,CorporaciÛn Universitaria de IbaguÈ, Coruniversitaria
Colombia,CorporaciÛn Universitaria de la Costa (UNICOSTA)
Colombia,CorporaciÛn Universitaria de Santander (UDES)
Colombia,CorporaciÛn Universitaria TecnolÛgica de Bolivar
Colombia,Escuela Colombiana de Carreras Industriales
Colombia,Escuela Colombiana de IngenierÌ≠a Julio Garavito
Colombia,Escuela de AdministraciÛn de Negocios
Colombia,Escuela de IngenierÌ≠a de Antioquia
Colombia,Escuela de Policia General Santander
Colombia,Escuela Superiore de AdministraciÛn PÌ∫blica
Colombia,Fundacion Escuela Colombiana de RehabiliaciÛn
Colombia,FundaciÛn Universitaria de BoyacÌ°
Colombia,FundaciÛn Universitaria del Area Andina. Sede Pereira
Colombia,FundaciÛn Universitaria Luis AmigÛ
Colombia,FundaciÛn Universitaria Manuela BeltrÌ°n
Colombia,FundaciÛn Universitaria San MartÌ≠n
Colombia,Institucion Universitaria de Envigado
Colombia,InstituciÛn Universitaria Iberoamericana
Colombia,Instituto TecnolÛgico Metropolitano
Colombia,Instituto Universitario de La Paz
Colombia,PolitÈcnico Columbiano Jaime Isaza Cadavid
Colombia,PolitÈcnico Grancolombiano - InstituciÛn Universitaria
Colombia,Pontificia Universidad Javeriana
Colombia,Universidad Adventista de Colombia
Colombia,Universidad Antonio NariÌ±o
Colombia,Universidad AutÛnoma de Bucaramanga
Colombia,Universidad AutÛnoma de Colombia
Colombia,Universidad AutÛnoma de Las AmÈricas
Colombia,Universidad AutÛnoma del Caribe
Colombia,Universidad AutÛnoma de Manizales
Colombia,Universidad AutÛnoma de Occidente
Colombia,Universidad AutÛnoma Latinoamericana
Colombia,Universidad Bellas Artes
Colombia,Universidad CatÛlica de Colombia
Colombia,Universidad CatÛlica del Norte
Colombia,Universidad CatÛlica del Oriente
Colombia,Universidad CatÛlica de Manizales
Colombia,Universidad CatÛlica Popular del Risaralda
Colombia,Universidad Central
Colombia,Universidad Central del Valle del Cauca
Colombia,Universidad CES
Colombia,Universidad Cooperativa de Colombia
Colombia,Universidad de AmÈrica Bogot‡°
Colombia,Universidad de Antioquia
Colombia,Universidad de AntioquÌ≠a
Colombia,Universidad de BogotÌ° Jorge Tadeo Lozano
Colombia,Universidad de Caldas
Colombia,Universidad de Cartagena
Colombia,Universidad de Ciencias Aplicadas y Ambientales (UDCA)
Colombia,Universidad de CÛrdoba
Colombia,Universidad de La Amazonia
Colombia,Universidad de La Guajira
Colombia,Universidad de La Sabana
Colombia,Universidad de La Salle
Colombia,Universidad del AtlÌ°ntico
Colombia,Universidad del Cauca
Colombia,Universidad del Magdalena
Colombia,Universidad del Norte
Colombia,Universidad de Los Andes
Colombia,Universidad de Los Llanos
Colombia,Universidad del QuindÌ≠o
Colombia,Universidad del Rosario
Colombia,Universidad del SinÌ∫
Colombia,Universidad del Tolima
Colombia,Universidad del Valle del Cauca
Colombia,Universidad de Manizales
Colombia,Universidad de MedellÌ≠n
Colombia,Universidad de NariÌ±o
Colombia,Universidad de Pamplona
Colombia,Universidad de San Buenaventura
Colombia,Universidad de San Buenaventura Medellin
Colombia,Universidad de Sucre
Colombia,Universidad Distral Francisco JosÈ de Caldas
Colombia,Universidad EAFIT
Colombia,Universidad El Bosque
Colombia,Universidad Externado de Colombia
Colombia,Universidad Francisco de Paula Santander
Colombia,Universidad ICESI
Colombia,Universidad INCCA de Colombia
Colombia,Universidad Industrial de Santander
Colombia,Universidad La Gran Colombia
Colombia,Universidad Libre de Colombia
Colombia,Universidad Mariana
Colombia,Universidad Metropolitana
Colombia,Universidad Militar Nueva Granada
Colombia,Universidad Nacional Abierta y a Distancia
Colombia,Universidad Nacional de Colombia
Colombia,Universidad Pedagogica Nacional
Colombia,Universidad PedagÛgica y TecnolÛgica de Colombia
Colombia,Universidad Piloto de Colombia
Colombia,Universidad Pontificia Bolivariana
Colombia,Universidad Popular del Cesar
Colombia,Universidad Santiago de Cali
Colombia,Universidad Santo TomÌ°s
Colombia,Universidad Sergio Arboleda
Colombia,Universidad Surcolombiana
Colombia,Universidad TecnolÛgica del Choco Diego Luis Cordoba
Colombia,Universidad TecnolÛgica de Pereira
Costa Rica,Instituto TecnolÛgico de Costa Rica
Costa Rica,Universidad Adventista de Centro AmÈrica
Costa Rica,Universidad AutÛnoma de Centro AmÈrica
Costa Rica,Universidad Autonoma Monterrey
Costa Rica,Universidad Braulio Carrillo
Costa Rica,Universidad CatÛlica Anselmo Llorente
Costa Rica,Universidad Central
Costa Rica,Universidad de Cartago Florencio del Castillo
Costa Rica,Universidad de Costa Rica
Costa Rica,Universidad de IberoamÈrica
Costa Rica,Universidad de La Salle
Costa Rica,Universidad del Turismo
Costa Rica,Universidad de San JosÈ
Costa Rica,Universidad Empresarial
Costa Rica,Universidad Estatal a Distancia
Costa Rica,Universidad FidÈlitas
Costa Rica,Universidad Fundepos Alma Mater
Costa Rica,Universidad Hispanoamericana
Costa Rica,Universidad Internacional de las AmÈricas
Costa Rica,Universidad Isaac Newton
Costa Rica,Universidad Latina de Costa Rica
Costa Rica,Universidad Latinoamericana de Ciencia y TecnologÌ≠a
Costa Rica,Universidad Libre de Costa Rica
Costa Rica,Universidad Metropolitana Castro Carazo
Costa Rica,Universidad Nacional
Costa Rica,Universidad para la CooperaciÛn Internacional
Costa Rica,Universidad San Juan de la Cruz
Costa Rica,Universidad San Juan de la Cruz
Costa Rica,Universidad San Marcos
Costa Rica,Universidad Santa Paula
Costa Rica,Universidad Veritas
Costa Rica,University for Peace
Cuba,Instituto Superior Minero Metal˙rgico de Moa Dr. Antonio N˙Òez JimÈnez
Cuba,Instituto Superior Politecnico Jose Antonio Echeverria
Cuba,Universidad Central de Las Villas
Cuba,Universidad de Camag¸ey
Cuba,Universidad de Ciego de Avila
Cuba,Universidad de Cienfuegos
Cuba,Universidad de Granma
Cuba,Universidad de HolguÌ≠n
Cuba,Universidad de La Habana
Cuba,Universidad de Matanzas Camilo Cienfuegos
Cuba,Universidad de Oriente
Cuba,Universidad de Pinar del RÌ≠o
Cabo Verde,Universidade Jean Piaget de Cabo Verde
Cyprus,Americanos College
Cyprus,Cyprus College
Cyprus,Cyprus International Institute of Management (CIIM)
Cyprus,Cyprus International University
Cyprus,Cyprus University of Technology
Cyprus,Eastern Mediterranean University
Cyprus,European University Cyprus
Cyprus,European University of Lefke
Cyprus,Frederick University
Cyprus,Girne American University
Cyprus,Intercollege
Cyprus,Near East University
Cyprus,Open University of Cyprus
Cyprus,The CTL Eurocollege
Cyprus,University of Cyprus
Cyprus,University of Nicosia
Czechia,Academy of Performing Arts, Film and TV Fakulty
Czechia,Anglo-American University
Czechia,Brno University of Technology
Czechia,Cevro Institut College
Czechia,Charles University Prague
Czechia,Czech Technical University of Prague
Czechia,Czech University of Agriculture Prague
Czechia,Masaryk University
Czechia,Mendel University of Agriculture and Forestry
Czechia,Palacky University
Czechia,Prague College
Czechia,Prague Institute of Chemical Technology
Czechia,Prague International University
Czechia,Silesian University
Czechia,Technical University of Liberec
Czechia,Technical University of Mining and Metallurgy Ostrava
Czechia,Tiffin University Prague
Czechia,Tomas Bata University in Zlin
Czechia,University of Economics Prague
Czechia,University of Education Hradec Kralove
Czechia,University of Jan Evangelista Purkyne
Czechia,University of New York in Prague
Czechia,University of Northern Virginia, Prague Campus
Czechia,University of Ostrava
Czechia,University of Pardubice
Czechia,University of South Bohemia
Czechia,University of Veterinary and Pharmaceutical Science
Czechia,University of West Bohemia
Germany,AKAD Hochschulen f¸r BerufstÌ§tige, Fachhochschule Leipzig
Germany,Albert-Ludwigs- Universit‰t Freiburg
Germany,Alice-Salomon-Fachhochschule f¸r Sozialarbeit und SozialpÌ§dagogik Berlin
Germany,Augustana Hochschule Neuendettelsau
Germany,Bauhaus  Universit‰t Weimar
Germany,Bayerische Julius-Maximilians- Universit‰t W¸rzburg
Germany,Bergische  Universit‰t Gesamthochschule Wuppertal
Germany,BiTS - Business and Information Technology School gGmbH
Germany,Brandenburgische Technische  Universit‰t Cottbus
Germany,Carl von Ossietzky  Universit‰t Oldenburg
Germany,Christian-Albrechts- Universit‰t Kiel
Germany,Cologne Business School
Germany,Deutsche Hochschule f¸r Verwaltungswissenschaften Speyer
Germany,Deutsche Sporthochschule Kˆln
Germany,Deutsche Telekom Fachhochschule Leipzig
Germany,Deutsch-Ordens Fachhochschule Riedlingen, Hochschule f¸r Wirtschaft
Germany,DIPLOMA-Fachhochschule Ìñlsnitz/Vogtland
Germany,Duale Hochschule Baden-W¸rttemberg
Germany,E.A.P. EuropÌ§ische Wirtschaftshochschule Berlin
Germany,Eberhard-Karls- Universit‰t T¸bingen
Germany,Ernst-Moritz-Arndt  Universit‰t Greifswald
Germany,Europa Fachhochschule Fresenius
Germany,EuropÌ§ische Betriebswirtschafts-Akademie
Germany,EuropÌ§ische Fachhochschule
Germany,Europa- Universit‰t Viadrina Frankfurt (Oder)
Germany,European Business School SchloÌü Reichartshausen
Germany,European College of Liberal Arts
Germany,European Management School
Germany,Evangelische Fachhochschule Berlin, Fachhochschule f¸r Sozialarbeit und SozialpÌ§dagogik
Germany,Evangelische Fachhochschule Darmstadt
Germany,Evangelische Fachhochschule Freiburg, Hochschule f¸r Soziale Arbeit, Diakonie und ReligionspÌ§dagogik
Germany,Evangelische Fachhochschule f¸r ReligionspÌ§dagogik, und Gemeindediakonie Moritzburg
Germany,Evangelische Fachhochschule f¸r SozialpÌ§dagogik der Diakonenanstalt des Rauhen Hauses Hamburg
Germany,Evangelische Fachhochschule Hannover
Germany,Evangelische Fachhochschule Ludwigshafen Hochschule f¸r Sozial- und Gesundheitswesen
Germany,Evangelische Fachhochschule N¸rnberg
Germany,Evangelische Fachhochschule Reutlingen-Ludwigsburg, Hochschule f¸r Soziale Arbeit, ReligionspÌ§dagogik und Diakonie
Germany,Evangelische Fachhochschule Rheinland-Westfalen-Lippe
Germany,Evangelische Hochschule f¸r Soziale Arbeit Dresden (FH)
Germany,Fachhochschule Aachen
Germany,Fachhochschule Aschaffenburg
Germany,Fachhochschule Augsburg
Germany,Fachhochschule Biberach, Hochschule f¸r Bauwesen und Wirtschaft
Germany,Fachhochschule Bielefeld
Germany,Fachhochschule Bingen
Germany,Fachhochschule Bochum
Germany,Fachhochschule Bonn-Rhein-Sieg
Germany,Fachhochschule Brandenburg
Germany,Fachhochschule Braunschweig/Wolfenb¸ttel
Germany,Fachhochschule Deggendorf
Germany,Fachhochschule der Wirtschaft
Germany,Fachhochschule des Mittelstandes (FHM)
Germany,Fachhochschule Dortmund
Germany,Fachhochschule D¸sseldorf
Germany,Fachhochschule Eberswalde
Germany,Fachhochschule Erfurt
Germany,Fachhochschule Flensburg
Germany,Fachhochschule Frankfurt am Main
Germany,Fachhochschule f¸r das ˆffentliche Bibliothekswesen Bonn
Germany,Fachhochschule f¸r die Wirtschaft
Germany,Fachhochschule f¸r Oekonomie und Management (FOM)
Germany,Fachhochschule f¸r Technik und Wirtschaft Berlin
Germany,Fachhochschule Furtwangen, Hochschule f¸r Technik und Wirtschaft
Germany,Fachhochschule f¸r Verwaltung und Rechtspflege Berlin
Germany,Fachhochschule f¸r Wirtschaft Berlin
Germany,Fachhochschule Gelsenkirchen
Germany,Fachhochschule GieÌüen-Friedberg
Germany,Fachhochschule Hamburg
Germany,Fachhochschule Hannover
Germany,Fachhochschule Heidelberg
Germany,Fachhochschule Heilbronn, Hochschule f¸r Technik und Wirtschaft
Germany,Fachhochschule Hildesheim/Holzminden/Gˆttingen, Hochschule f¸r angewandte Wissenschaft und Kunst
Germany,Fachhochschule Hof
Germany,Fachhochschule Ingolstadt
Germany,Fachhochschule Jena
Germany,Fachhochschule Kaiserslautern
Germany,Fachhochschule Kempten, Hochschule f¸r Technik und Wirtschaft
Germany,Fachhochschule Kiel
Germany,Fachhochschule Koblenz
Germany,Fachhochschule Kˆln
Germany,Fachhochschule Konstanz, Hochschule f¸r Technik, Wirtschaft und Gestaltung
Germany,Fachhochschule Landshut, Hochschule f¸r Wirtschaft - Sozialwesen - Technik
Germany,Fachhochschule Lausitz
Germany,Fachhochschule Lippe
Germany,Fachhochschule L¸beck
Germany,Fachhochschule Ludwigshafen, Hochschule f¸r Wirtschaft
Germany,Fachhochschule Mainz
Germany,Fachhochschule Mannheim, Hochschule f¸r Sozialwesen
Germany,Fachhochschule Mannheim, Hochschule f¸r Technik und Gestaltung
Germany,Fachhochschule Merseburg
Germany,Fachhochschule M¸nchen
Germany,Fachhochschule M¸nster
Germany,Fachhochschule Neubrandenburg
Germany,Fachhochschule Neu-Ulm
Germany,Fachhochschule Niederrhein
Germany,Fachhochschule Nordhausen
Germany,Fachhochschule Nordhessen
Germany,Fachhochschule Nordostniedersachsen
Germany,Fachhochschule N¸rtingen, Hochschule f¸r Wirtschaft, Landwirtschaft und Landespflege
Germany,Fachhochschule Offenburg, Hochschule f¸r Technik und Wirtschaft
Germany,Fachhochschule Oldenburg/Ostfriesland/Wilhelmshaven
Germany,Fachhochschule Osnabr¸ck
Germany,Fachhochschule Pforzheim, Hochschule f¸r Gestaltung, Technik und Wirtschaft
Germany,Fachhochschule Potsdam
Germany,Fachhochschule Ravensburg-Weingarten
Germany,Fachhochschule Regensburg
Germany,Fachhochschule Reutlingen, Hochschule f¸r Technik und Wirtschaft
Germany,Fachhochschule Rosenheim, Hochschule f¸r Technik und Wirtschaft
Germany,Fachhochschule Rottenburg, Hochschule f¸r Forstwirtschaft
Germany,Fachhochschule Schmalkalden
Germany,Fachhochschule SchwÌ§bisch Gm¸nd, Hochschule f¸r Gestaltung
Germany,Fachhochschule SchwÌ§bisch Hall, Hochschule f¸r Gestaltung
Germany,Fachhochschule Stralsund
Germany,Fachhochschule Stuttgart, Hochschule der Medien
Germany,Fachhochschule Stuttgart, Hochschule f¸r Technik
Germany,Fachhochschule Trier, Hochschule f¸r Technik, Wirtschaft und Gestaltung
Germany,Fachhochschule Ulm, Hochschule f¸r Technik
Germany,Fachhochschule und Berufskollegs NTA, Prof.Dr. Gr¸bler gemein. GmbH
Germany,Fachhochschule Wedel
Germany,Fachhochschule Weihenstephan
Germany,Fachhochschule Westk¸ste, Hochschule f¸r Wirtschaft und Technik
Germany,Fachhochschule Wiesbaden
Germany,Fachhochschule Worms
Germany,Fachhochschule W¸rzburg - Schweinfurt
Germany,Fern-Fachhochschule Hamburg
Germany,Fern Universit‰t Gesamthochschule Hagen
Germany,Freie Kunst-StudienstÌ§tte Ottersberg
Germany,Freie  Universit‰t Berlin
Germany,Friedrich-Alexander  Universit‰t Erlangen-N¸rnberg
Germany,Friedrich-Schiller  Universit‰t Jena
Germany,Georg-August  Universit‰t Gˆttingen
Germany,Georg-Simon-Ohm-Fachhochschule N¸rnberg
Germany,Gustav-Siewerth-Akademie
Germany,Hafencity  Universit‰t Hamburg
Germany,Handelshochschule Leipzig
Germany,Heinrich-Heine  Universit‰t D¸sseldorf
Germany,Hertie School of Governance
Germany,Hochschule Albstadt-Sigmaringen
Germany,Hochschule Anhalt (FH), Hochschule f¸r angewandte Wissenschaften
Germany,Hochschule Bremen
Germany,Hochschule Bremerhaven
Germany,Hochschule Coburg
Germany,Hochschule Darmstadt
Germany,Hochschule Esslingen
Germany,Hochschule Fulda
Germany,Hochschule f¸r Bankwirtschaft (HfB), Private Fachhochschule der Bankakademie
Germany,Hochschule f¸r BerufstÌ§tige Rendsburg
Germany,Hochschule f¸r Internationales Management
Germany,Hochschule f¸r J¸dische Studien Heidelberg
Germany,Hochschule f¸r Philosophie M¸nchen
Germany,Hochschule f¸r Politik (HFP)
Germany,Hochschule f¸r Technik und Wirtschaft des Saarlandes
Germany,Hochschule f¸r Technik und Wirtschaft Dresden (FH)
Germany,Hochschule f¸r Technik und Wirtschaft Karlsruhe
Germany,Hochschule f¸r Technik, Wirtschaft und Kultur Leipzig (FH)
Germany,Hochschule Harz, Hochschule f¸r angewandte Wissenschaften (FH)
Germany,Hochschule Magdeburg-Stendal (FH)
Germany,Hochschule Mittweida (FH)
Germany,Hochschule Vechta
Germany,Hochschule Wismar, Fachhochschule f¸r Technik, Wirtschaft und Gestaltung
Germany,Hochschule Zittau/Gˆrlitz (FH)
Germany,Humboldt  Universit‰t Berlin
Germany,HWP - Hamburger  Universit‰t f¸r Wirtschaft und Politik
Germany,Internationale Fachhochschule Aalen
Germany,Internationale Fachhochschule Bad Honnef
Germany,Internationales Hochschulinstitut Zittau
Germany,International School of Management ISM Dortmund
Germany,International School of New Media, University of L¸beck
Germany,International University in Germany
Germany,Jacobs University Bremen
Germany,Johannes-Gutenberg  Universit‰t Mainz
Germany,Johann Wolfgang Goethe  Universit‰t Frankfurt am Main
Germany,Justus Liebig  Universit‰t GieÌüen
Germany,Karlshochschule International University
Germany,Katholische Fachhochschule Berlin (KFB)
Germany,Katholische Fachhochschule Freiburg, Hochschule f¸r Sozialwesen, ReligionspÌ§dagogik und Pflege
Germany,Katholische Fachhochschule Mainz
Germany,Katholische Fachhochschule Norddeutschland
Germany,Katholische Fachhochschule Nordrhein-Westfalen
Germany,Katholische Hochschule f¸r Soziale Arbeit Saarbr¸cken
Germany,Katholische Stiftungsfachhochschule M¸nchen
Germany,Katholische  Universit‰t EichstÌ§tt
Germany,Kirchliche Hochschule Bethel
Germany,Kirchliche Hochschule Wuppertal
Germany,Kunstakademie D¸sseldorf.
Germany,Kunsthochschule Berlin-Weissensee, Hochschule f¸r Gestaltung 
Germany,Ludwig-Maximilians- Universit‰t M¸nchen
Germany,Lutherische Theologische Hochschule Oberursel
Germany,MÌ§rkische Fachhochschule Iserlohn
Germany,Martin-Luther  Universit‰t Halle-Wittenberg
Germany,Medizinische Hochschule Hannover
Germany,Medizinische  Universit‰t L¸beck
Germany,Merkur Internationale FH Karlsruhe
Germany,Merz Akademie, Hochschule f¸r Gestaltung Stuttgart
Germany,Muthesius-Hochschule, Fachhochschule f¸r Kunst und Gestaltung
Germany,Nordakademie, Staatlich anerkannte private Fachhochschule mit dualen StudiengÌ§ngen
Germany,Northern Institute of Technology Management (NIT)
Germany,Otto-Friedrich  Universit‰t Bamberg
Germany,Otto-von-Guericke  Universit‰t Magdeburg
Germany,PÌ§dagogische Hochschule Erfurt/M¸hlhausen
Germany,PÌ§dagogische Hochschule Freiburg
Germany,PÌ§dagogische Hochschule Heidelberg
Germany,PÌ§dagogische Hochschule Karlsruhe
Germany,PÌ§dagogische Hochschule Ludwigsburg
Germany,PÌ§dagogische Hochschule SchwÌ§bisch Gm¸nd
Germany,PÌ§dagogische Hochschule Weingarten
Germany,Phillips- Universit‰t Marburg
Germany,Philosophisch-Theologische Hochschule der Salesianer Don Boscos
Germany,Philosophisch-Theologische Hochschule M¸nster
Germany,Philosophisch-Theologische Hochschule Sankt Georgen
Germany,Philosophisch-Theologische Hochschule SVD Sankt Augustin
Germany,Philosophisch-Theologische Hochschule Vallendar der Gesellschaft des Katholischen Apostolates (Pallottiner)
Germany,Philosophisch-Theologisches Studium Erfurt, Staatlich anerkannte Wissenschaftliche Hochschule
Germany,Popakademie Baden-W¸rttemberg
Germany,Private Fachhochschule f¸r Wirtschaft und Technik Vechta/Diepholz
Germany,Private Fachhochschule Gˆttingen
Germany,Private FernFachhochschule Darmstadt
Germany,Private Hanse Universit‰t
Germany,Private  Universit‰t Witten/Herdecke
Germany,Rheinische Fachhochschule Kˆln
Germany,Rheinische Friedrich-Wilhelms  Universit‰t Bonn
Germany,Rheinisch WestfÌ§lische Technische Hochschule Aachen
Germany,Ruhr- Universit‰t Bochum
Germany,Ruprecht-Karls- Universit‰t Heidelberg
Germany,Schiller International University, Heidelberg
Germany,SRH University of Applied Sciences
Germany,Staatlich anerkannte Fachhochschule f¸r Kunsttherapie
Germany,Staatliche Hochschule f¸r Musik
Germany,Steinbeis-Hochschule-Berlin
Germany,Technische Fachhochschule Berlin
Germany,Technische Fachhochschule Georg Agricola f¸r Rohstoff, Energie und, Umwelt zu Bochum
Germany,Technische Fachhochschule Wildau
Germany,Technische  Universit‰t Bergakademie Freiberg
Germany,Technische  Universit‰t Berlin
Germany,Technische  Universit‰t Carolo-Wilhelmina Braunschweig
Germany,Technische  Universit‰t Chemnitz
Germany,Technische  Universit‰t Clausthal
Germany,Technische  Universit‰t Darmstadt
Germany,Technische  Universit‰t Dresden
Germany,Technische  Universit‰t Hamburg-Harburg
Germany,Technische  Universit‰t Ilmenau
Germany,Technische  Universit‰t M¸nchen
Germany,Theologische FakultÌ§t Paderborn
Germany,Theologische FakultÌ§t Trier
Germany,Theologische Hochschule Friedensau
Germany,TierÌ§rztliche Hochschule Hannover
Germany, Universit‰t Augsburg
Germany, Universit‰t Bayreuth
Germany, Universit‰t Bielefeld
Germany, Universit‰t Bremen
Germany, Universit‰t der Bundeswehr Hamburg
Germany, Universit‰t der Bundeswehr M¸nchen
Germany, Universit‰t des Saarlandes
Germany, Universit‰t Dortmund
Germany, Universit‰t Duisburg-Essen
Germany, Universit‰t Erfurt
Germany, Universit‰t Flensburg
Germany, Universit‰t Fridericana Karlsruhe (Technische Hochschule)
Germany, Universit‰t Hamburg
Germany, Universit‰t Hannover
Germany, Universit‰t Hildesheim
Germany, Universit‰t Hohenheim
Germany, Universit‰t Kaiserslautern
Germany, Universit‰t Kassel
Germany, Universit‰t Koblenz-Landau
Germany, Universit‰t Kˆln
Germany, Universit‰t Konstanz
Germany, Universit‰t Leipzig
Germany, Universit‰t L¸neburg
Germany, Universit‰t Mannheim
Germany, Universit‰t Osnabr¸ck
Germany, Universit‰t Paderborn
Germany, Universit‰t Passau
Germany, Universit‰t Potsdam
Germany, Universit‰t Regensburg
Germany, Universit‰t Rostock
Germany, Universit‰t Siegen
Germany, Universit‰t Stuttgart
Germany, Universit‰t Trier
Germany, Universit‰t Ulm
Germany,WestfÌ§lische Wilhelms- Universit‰t M¸nster
Germany,WestsÌ§chsische Hochschule Zwickau (FH)
Germany,Wissenschaftliche Hochschule f¸r Unternehmensf¸hrung, Otto-Beisheim Hochschule
Djibouti,UniversitÈ de Djibouti
Denmark,Aalborg Business College
Denmark,Aalborg University
Denmark,Aarhus School of Architecture
Denmark,Aarhus School of Business
Denmark,Aarhus Technical College
Denmark,Aarhus University
Denmark,Copenhagen Business School
Denmark,Copenhagen University
Denmark,Danish Business Academy
Denmark,Danish University of Education
Denmark,Engineering College of Aarhus
Denmark,Engineering College of Copenhagen
Denmark,International Business School of Scandinavia
Denmark,International People's College
Denmark,IT University of Copenhagen
Denmark,Knightsbridge University
Denmark,Lutheran School Of Theology In Aarhus
Denmark,Odense University
Denmark,Roskilde University
Denmark,Royal Academy of Music
Denmark,Royal Danish Academy of Fine Arts, School of Architecture
Denmark,Royal Danish Academy of Fine Arts, School of Visual Art
Denmark,Royal Danish Academy of Music
Denmark,Royal Danish School of Educational Sciences
Denmark,Royal Danish School of Pharmacy
Denmark,Royal School of Library and Information Science
Denmark,Royal Veterinary and Agricultural University
Denmark,Southern Denmark Business School
Denmark,Technical University of Denmark
Denmark,Tietgen Business College
Denmark,University of Southern Denmark
Dominica,Ballsbridge University 
Dominica,Dominica State College
Dominica,New World University
Dominica,Ross University Caribbean School of Medicine
Dominican Republic,Instituto TecnolÛgico de Santo Domingo
Dominican Republic,Pontificia Universidad CatÛlica Madre y Maestra (PUCMM)
Dominican Republic,Universidad Abierta Para Adultos
Dominican Republic,Universidad Adventista Dominicana
Dominican Republic,Universidad Agroforestal Fernando A.MeriÌ±o
Dominican Republic,Universidad APEC
Dominican Republic,Universidad AutÛnoma de Santo Domingo
Dominican Republic,Universidad CatÛlica de Santo Domingo
Dominican Republic,Universidad CatÛlica Madre y Maestra
Dominican Republic,Universidad CatÛlica Nordestana
Dominican Republic,Universidad CatÛlica TecnolÛgica del Cibao
Dominican Republic,Universidad Central del Este
Dominican Republic,Universidad Central Dominicana de Estudio Profesionales
Dominican Republic,Universidad de la Tercera Edad
Dominican Republic,Universidad del Caribe
Dominican Republic,Universidad Dominicana O&M
Dominican Republic,Universidad Dominico-Americana
Dominican Republic,Universidad Eugenio Maria de Hostos
Dominican Republic,Universidad Experimental Felix Adam
Dominican Republic,Universidad Federico HenrÌ≠quez y Carvajal
Dominican Republic,Universidad Iberoamericana
Dominican Republic,Universidad Interamericana
Dominican Republic,Universidad Nacional EvangÈlica
Dominican Republic,Universidad Nacional Pedro HenrÌ≠quez UreÌ±a
Dominican Republic,Universidad OdontolÛgica Dominicana
Dominican Republic,Universidad TecnolÛgica del Sur
Dominican Republic,Universidad TecnolÛgica de Santiago
Dominican Republic,Universidad Ulises Francisco Espaillat
Algeria,Centre Universitaire de Jijel
Algeria,Centre Universitaire de Tebessa
Algeria,Centre Universitaire de Tiaret
Algeria,Centre Universitaire d'Oum El Bouaghi
Algeria,UniversitÈ Abou Bekr Belkaid, Tlemcen
Algeria,UniversitÈ Amar Telidji
Algeria,UniversitÈ Badji Mokhtar
Algeria,UniversitÈ d'Alger
Algeria,UniversitÈ d'Alger 3
Algeria,UniversitÈ de Batna
Algeria,UniversitÈ de BÈjaia
Algeria,UniversitÈ de Biskra
Algeria,UniversitÈ de Blida
Algeria,UniversitÈ de Chlef
Algeria,UniversitÈ de Guelma
Algeria,UniversitÈ de Mostaganem
Algeria,UniversitÈ de M'sila
Algeria,UniversitÈ de Saida
Algeria,UniversitÈ de SÈtif
Algeria,Universite Djillali Liabes de Sidi Bel Abbes
Algeria,UniversitÈ de Skikda
Algeria,UniversitÈ des Sciences et de la Technologie d'Oran
Algeria,UniversitÈ des Sciences et de la Technologie Houari-Boumediene
Algeria,Universite des Sciences Islamiques de Constantine
Algeria,UniversitÈ d'Oran Es-Senia
Algeria,UniversitÈ Dr Tahar Moulay
Algeria,UniversitÈ Kasdi Merbah Ouargla
Algeria,UniversitÈ Mentouri Constantine
Algeria,UniversitÈ M'hamed Bouguerra de Boumerdes
Algeria,UniversitÈ Mouloud Mammeri de Tizi Ouzou
Ecuador,Brookdale Community College
Ecuador,Escuela PolitÈcnica de Chimborazo
Ecuador,Escuela PolitÈcnica del Ejercito
Ecuador,Escuela PolitÈcnica Nacional
Ecuador,Escuela Superior PolitÈcnica del Litoral
Ecuador,Pontificia Universidad CatÛlica del Ecuador
Ecuador,Universidad Agraria del Ecuador
Ecuador,Universidad Andina SimÛn BolÌ≠var
Ecuador,Universidad Casa Grande
Ecuador,Universidad Catolica de Azogues
Ecuador,Universidad CatÛlica de Cuenca
Ecuador,Universidad CatÛlica de Santiago de Guayaquil
Ecuador,Universidad Central del Ecuador
Ecuador,Universidad de Cuenca
Ecuador,Universidad de Especialidades del EspÌ≠ritu Santo
Ecuador,Universidad de Especialidades TurÌ≠sticas 
Ecuador,Universidad de Guayaquil
Ecuador,Universidad del Azuay
Ecuador,Universidad del Pacifico
Ecuador,Universidad Estatal de BolÌ≠var
Ecuador,Universidad Internacional del Ecuador
Ecuador,Universidad Internacional SEK, Quito
Ecuador,Universidad Laica Eloy Alfaro de Manabi
Ecuador,Universidad Laica Vicente Rocafuerte de Guayaquil
Ecuador,Universidad Nacional de Chimborazo
Ecuador,Universidad Nacional de Loja
Ecuador,Universidad PolitÈcnica Salesiana
Ecuador,Universidad San Francisco de Quito
Ecuador,Universidad Santa MarÌ≠a Campus Guayaquil
Ecuador,Universidad TÈcnica de Ambato
Ecuador,Universidad TÈcnica de Babahoyo
Ecuador,Universidad TÈcnica de Cotopaxi
Ecuador,Universidad TÈcnica de Esmeraldas Luis Vargas Torres
Ecuador,Universidad TÈcnica del Norte
Ecuador,Universidad TÈcnica de Machala
Ecuador,Universidad TÈcnica de Manab‡≠
Ecuador,Universidad TÈcnica Estatal de Quevedo
Ecuador,Universidad TÈcnica Particular de Loja
Ecuador,Universidad TecnolÛgica AmÈrica
Ecuador,Universidad TecnolÛgica Equinoccial
Ecuador,Universidad TecnolÛgica IndoamÈrica
Ecuador,Universidad Tecnologica Israel
Ecuador,Universidad TecnolÛgica San Antonio de Machala
Estonia,Estonian Academy of Arts
Estonia,Estonian Academy of Music and Theatre
Estonia,Estonian Academy of Security Sciences
Estonia,Estonian Business School
Estonia,Estonian University of Life Sciences
Estonia,Tallinn University
Estonia,Tallinn University of Technology
Estonia,Tartu Health Care College
Estonia,University of Applied Sciences
Estonia,University of Tartu
Egypt,Ain Shams University
Egypt,Akhbar El Yom Academy
Egypt,Al Azhar University
Egypt,Alexandria University
Egypt,American University in Cairo
Egypt,Arab Academy for Science & Technology
Egypt,Arab Open University
Egypt,Assiut University
Egypt,Benha University
Egypt,Beni Suef University
Egypt,Cairo University
Egypt,Damanhour University
Egypt,Damietta University
Egypt,Delta University
Egypt,El Shorouk Academy
Egypt,Fayoum University
Egypt,Future University
Egypt,German University in Cairo
Egypt,Helwan University
Egypt,Higher Technological Institute
Egypt,Kafr El-Sheikh University
Egypt,Mansoura University
Egypt,Menoufia University
Egypt,Military Technical College
Egypt,Minia University
Egypt,Misr International University
Egypt,Misr University for Sience and Technology
Egypt,Modern Acadmy
Egypt,Modern Sciences & Arts University
Egypt,Modern University For Technology and Information
Egypt,Nile University
Egypt,October 6 university
Egypt,Pharos International University
Egypt,Port Said University
Egypt,Sadat Academy for Management Sciences
Egypt,Sinai University
Egypt,Sohag University
Egypt,South Valley University
Egypt,Suez Canal University
Egypt,Tanta University
Egypt,l'UniversitÈ FranÁaise d'Egypte
Egypt,UniversitÈ Senghor d'Alexandrie
Egypt,University of Sadat City
Egypt,Zagazig University
Eritrea,Eritrea Institute of Technology
Spain,Barcelona Graduate School of Economics
Spain,Bircham International University
Spain,Centro Universitario Villanueva
Spain,Escuela Superior de Gestion Comercial y Marketing (ESIC)
Spain,Global Business School Barcelona
Spain,IE University
Spain,Iniciativa Universidad del Atlantico
Spain,International University of Southern Europe
Spain,La Salle Universities - International Programmes
Spain,Mondragon Univertsitatea
Spain,Schiller International University, Madrid
Spain,Universidad Abierta Interactiva
Spain,Universidad Alfonso X El Sabio
Spain,Universidad Antonio de Nebrija
Spain,Universidad AutÛnoma de Madrid
Spain,Universidad Cardenal Herrera-CEU
Spain,Universidad Carlos III de Madrid
Spain,Universidad CatÛlica de ÌÅvila
Spain,Universidad CatÛlica de Valencia
Spain,Universidad CatÛlica San Antonio
Spain,Universidad Complutense de Madrid
Spain,Universidad de AlcalÌ° de Henares
Spain,Universidad de Alicante
Spain,Universidad de AlmerÌ≠a
Spain,Universidad de Burgos
Spain,Universidad de CÌ°diz
Spain,Universidad de Cantabria
Spain,Universidad de Castilla La Mancha
Spain,Universidad de CÛrdoba
Spain,Universidad de Deusto
Spain,Universidad de Extremadura
Spain,Universidad de Gerona
Spain,Universidad de Granada
Spain,Universidad de Huelva
Spain,Universidad de JaÈn
Spain,Universidad de La CoruÌ±a
Spain,Universidad de La Laguna
Spain,Universidad de La Rioja
Spain,Universidad de Las Palmas de Gran Canaria
Spain,Universidad de LeÛn
Spain,Universidad del PaÌ≠s Vasco
Spain,Universidad de MÌ°laga
Spain,Universidad de Murcia
Spain,Universidad de Navarra
Spain,Universidad de Oviedo
Spain,Universidad de Salamanca
Spain,Universidad de San Pablo CEU
Spain,Universidad de Santiago de Compostela
Spain,Universidad de Sevilla
Spain,Universidad de Valencia
Spain,Universidad de Valladolid
Spain,Universidad de Vigo
Spain,Universidad de Zaragoza
Spain,Universidad Europea de Madrid
Spain,Universidad Francisco de Vitoria
Spain,Universidad Internacional de AndalucÌ≠a
Spain,Universidad Internacional de AndalucÌ≠a, Sede Antonio Machado de Baeza
Spain,Universidad Internacional de AndalucÌ≠a, Sede La RÌ°bida
Spain,Universidad Internacional MenÈndez Pelayo
Spain,Universidad Miguel HernÌ°ndez de Elche
Spain,Universidad Nacional de EducaciÛn a Distancia
Spain,Universidad Pablo de Olavide
Spain,Universidad PolitÈcnica de Cartagena
Spain,Universidad PolitÈcnica de Cataluna
Spain,Universidad PolitÈcnica de Madrid
Spain,Universidad PolitÈcnica de Valencia
Spain,Universidad Pontificia Comillas
Spain,Universidad Pontificia de Salamanca
Spain,Universidad PÌ∫blica de Navarra
Spain,Universidad Rey Juan Carlos
Spain,Universitat AutÛnoma de Barcelona
Spain,Universitat de Barcelona
Spain,Universitat de les Illes Balears
Spain,Universitat de Lleida
Spain,Universitat de Vic
Spain,Universitat Internacional de Catalunya
Spain,Universitat Jaume I de CastellÛn
Spain,Universitat Oberta de Catalunya
Spain,Universitat Pompeu Fabra
Spain,Universitat RÌ°mon Llull
Spain,Universitat Rovira I Virgili Tarragona
Ethiopia,Adama Science and Technology University
Ethiopia,Addis Ababa Science & Technology University
Ethiopia,Addis Ababa University
Ethiopia,Adigrat University
Ethiopia,Aksum University
Ethiopia,Ambo University
Ethiopia,Arba Minch University
Ethiopia,Assosa University
Ethiopia,Bahir Dar University
Ethiopia,Bule Hora  University
Ethiopia,Debre Birhan University
Ethiopia,Debre Markos University
Ethiopia,Dilla University
Ethiopia,Dire Dawa University
Ethiopia,Ethiopian Civil Service University
Ethiopia,Gondar University
Ethiopia,Haramaya University
Ethiopia,Hawassa University
Ethiopia,Jigjiga University
Ethiopia,Jimma University
Ethiopia,Madawalabu University
Ethiopia,Mekelle Institute of Technology
Ethiopia,Mekelle University
Ethiopia,Mizan Tepi University
Ethiopia,Semera University
Ethiopia,Unity  University
Ethiopia,Wolaita Sodo University
Ethiopia,Wolkite University
Ethiopia,Wollega University
Ethiopia,Wollo University
Finland,Abo Akademi University
Finland,Academy of Fine Arts
Finland,Central Ostrobothnia University of Applied Sciences
Finland,Diaconia University of Applied Sciences
Finland,EVTEK University of Applied Sciences
Finland,Helsinki School of Economics and Business Administration
Finland,Helsinki University of Technology
Finland,Lahti Polytechnic
Finland,Lappeenranta University of Technology
Finland,Oulu Polytechnic
Finland,Rovaniemi University of Applied Sciences
Finland,Satakunta University Of Applied Scinces
Finland,Scandinavian Art and Business Institute
Finland,Sibelius Academy
Finland,South Carelian Polytechnic
Finland,Swedish School of Economics and Business Administration, Finland
Finland,Tampere Polytechnic
Finland,Tampere University of Technology
Finland,Theatre Academy Finland
Finland,Turku School of Economics and Business Administration
Finland,University of Art and Design Helsinki
Finland,University of Helsinki
Finland,University of Joensuu
Finland,University of JyvÌ§skylÌ§
Finland,University of Kuopio
Finland,University of Lapland
Finland,University of Oulu
Finland,University of Tampere
Finland,University of Turku
Finland,University of Vaasa
Finland,Vaasa University of Applied Sciences
Fiji,Fiji National University 
Fiji,Fiji School of Medicine
Fiji,University of Fiji
Fiji,University of the South Pacific
Faroe Islands,University of the Faroe Islands
France,AgroParisTech
France,American Graduate School in Paris
France,American University of Paris
France,British Institute in Paris, University of London
France,Centre de Formation et de Perfectionnement des Journalistes
France,Centre d'Etudes SupÈrieures des Techniques Industrielles
France,Centre d'Etudes SupÈrieures Industrielles Paris
France,Centre National d'Etudes Agronomiques des RÈgions Chaudes
France,Conservatoire National des Arts et MÈtiers
France,Ecole Catholique d'Arts & Metiers
France,Ecole Centrale d'Electronique - ECE
France,Ecole Centrale de Lille
France,Ecole Centrale de Lyon
France,Ecole Centrale de Nantes
France,Ecole d'Architecture de Nancy
France,Ecole de l'Air
France,Ecole des Hautes Etudes Commerciales
France,Ecole des Hautes Etudes Commerciales du Nord
France,Ecole des Hautes Etudes Industrielles de Lille
France,Ecole des IngÈnieurs de la Ville de Paris
France,Ecole d'IngÈnieurs en Informatique pour l'Industrie
France,Ecole EuropÈen des Affaires
France,Ecole EuropÈenne de Chimie, PolymËres et MatÈriaux de Strasbourg
France,Ecole FranÁaise d'Electronique et d'Informatique
France,Ecole FranÁaise de Papeterie et des Industries Graphiques
France,Ecole Nationale d'Administration
France,Ecole Nationale de la MÈtÈorologie
France,Ecole Nationale de la Statistique et de l'Administration Economique
France,Ecole Nationale de la Statistique et de l'Analyse de l'information
France,Ecole Nationale de l'Aviation Civile
France,Ecole Nationale des Ponts et Chausees
France,Ecole Nationale des Sciences GÈographiques
France,Ecole Nationale des Travaux Publics de l'Etat
France,Ecole Nationale d'IngÈnieurs de Metz
France,Ecole Nationale d'IngÈnieurs de Saint-Etienne
France,Ecole Nationale d'IngÈnieurs des Techniques des Industries Agricoles et Alimentaires
France,Ecole Nationale d'IngÈnieurs des Travaux Agricoles de Bordeaux
France,Ecole Nationale d'IngÈnieurs des Travaux Agricoles de Clermont-Ferrand
France,Ecole Nationale d'IngÈnieurs de Tarbes
France,Ecole Nationale du GÈnie de l'Eau et de l'Environnement de Strasbourg
France,Ecole Nationale SupÈrieur de GÈologie de Nancy
France,Ecole Nationale SupÈrieur de MÈcanique et d'AÈronautique
France,Ecole Nationale SupÈrieur de MÈcaniques et des Microtechniques
France,Ecole Nationale SupÈrieur des IngÈnieur des Etudes et Techniques d'Armement
France,Ecole Nationale SupÈrieur d'IngÈnieurs de Constructions AÈronautique
France,Ecole Nationale SupÈrieure Agronomique de Toulouse
France,Ecole Nationale SupÈrieure d'Agronomie de Montpellier
France,Ecole Nationale SupÈrieure d'Agronomie de Rennes
France,Ecole Nationale SupÈrieure d'Agronomie et des Industries Alimentaires
France,Ecole Nationale SupÈrieure d'Arts et MÈtiers de Paris
France,Ecole Nationale SupÈrieure de Biologie AppliquÈe ‡† la Nutrition et ‡† l'Alementation
France,Ecole Nationale SupÈrieure de Chimie de Clermont-Ferrand
France,Ecole Nationale SupÈrieure de Chimie de Lille
France,Ecole Nationale SupÈrieure de Chimie de Montpellier
France,Ecole Nationale SupÈrieure de Chimie de Mulhouse
France,Ecole Nationale SupÈrieure de Chimie de Paris
France,Ecole Nationale SupÈrieure de Chimie de Rennes
France,Ecole Nationale SupÈrieure de Chimie de Toulouse
France,Ecole Nationale SupÈrieure de Chimie et de Physique de Bordeaux
France,Ecole Nationale SupÈrieure de l'AÈronautique et de l'Espace
France,Ecole Nationale SupÈrieure d'Electrochimie et d'ElectromÈtallurgie de Gernoble
France,Ecole Nationale SupÈrieure d'Electronique, d'Electrotechnique, d'Informatique et d'Hydraulique de Toulouse
France,Ecole Nationale SupÈrieure d'Electronique et de Radioelectricite de Bordeaux
France,Ecole Nationale SupÈrieure d'Electronique et de Radioelectricite de Grenoble
France,Ecole Nationale SupÈrieure de l'Electronique et de ses Applications
France,Ecole Nationale SupÈrieure de Physique de Grenoble
France,Ecole Nationale SupÈrieure de Physique de Marseille
France,Ecole Nationale SupÈrieure de Physique de Strasbourg
France,Ecole Nationale SupÈrieure des Arts et Industries de Strasbourg
France,Ecole Nationale SupÈrieure des Arts et Industries Textiles
France,Ecole Nationale SupÈrieure des Industries Chimiques de Nancy
France,Ecole Nationale SupÈrieure des Industries Textiles de Mulhouse
France,Ecole Nationale SupÈrieure des Mines d'AlËs
France,Ecole Nationale SupÈrieure des Mines de Douai
France,Ecole Nationale SupÈrieure des Mines de Nancy
France,Ecole Nationale SupÈrieure des Mines de Paris
France,Ecole Nationale SupÈrieure des Mines de St-Etienne
France,Ecole Nationale SupÈrieure des Telecommunications de Bretagne
France,Ecole Nationale SupÈrieure des Telecommunications de Paris
France,Ecole Nationale SupÈrieure de Techniques AvancÈes
France,Ecole Nationale SupÈrieure d'Hydraulique et de MÈcanique de Grenoble
France,Ecole Nationale Superieure d'Informatique et de Mathematiques Appliquees de Grenoble
France,Ecole Nationale SupÈrieure d'IngÈnieurs de Constructions AÈronautiques
France,Ecole Nationale SupÈrieure d'IngÈnieurs de GÈnie Chimique
France,Ecole Nationale SupÈrieure d'Ingenieurs Electriciens de Grenoble
France,Ecole Nationale SupÈrieure d'IngÈnieurs en MÈcanique et EnergÈtique de Valenciennes
France,Ecole Nationale SupÈrieure du PÈtrole et des Monteurs
France,Ecole Nationale SupÈrieure ElectricitÈ et MÈcanique
France,Ecole Nationale SupÈrieure en Electrotechnique, Electronique, Informatique et Hydraulique de Toulouse
France,Ecole Nationale VÈtÈrinaire d'Alfort
France,Ecole Nationale VÈtÈrinaire de Lyon
France,Ecole Nationale VÈtÈrinaire de Nantes
France,Ecole Nationale VÈtÈrinaire de Toulouse
France,Ecole Normale SupÈrieure de Cachan
France,Ecole Normale SupÈrieure de Fontenay-Saint Cloud
France,Ecole Normale SupÈrieure de Lyon
France,Ecole Normale SupÈrieure de Paris
France,Ecole Polytechnique
France,Ecole Polytechnique Marseille
France,Ecole Polytechnique Universitaire de Lille
France,Ecole pour les Etudes et la Recherche en Informatique et Electronique
France,Ecole SpÈciale de MÈcanique et d'ElectricitÈ
France,Ecole SpÈciale des Travaux Publics du B‡¢timent et de l'Industrie
France,Ecole Superieur d'Ingenieurs Leonard de Vinci
France,Ecole SupÈrieure d'Agriculture d'Angers
France,Ecole SupÈrieure d'Agriculture de Purpan
France,Ecole SupÈrieure de Chimie Organique et MinÈrale
France,Ecole SupÈrieure de Chimie Physique Electronique de Lyon
France,Ecole SupÈrieure de Commerce de Bordeaux
France,Ecole SupÈrieure de Commerce de Brest
France,Ecole SupÈrieure de Commerce de Clermont-Ferrand
France,Ecole SupÈrieure de Commerce de Dijon
France,Ecole SupÈrieure de Commerce de Grenoble
France,Ecole SupÈrieure de Commerce de Le Havre/Caen
France,Ecole SupÈrieure de Commerce de Lille
France,Ecole SupÈrieure de Commerce de Lyon
France,Ecole SupÈrieure de Commerce de Marseille-Provence
France,Ecole SupÈrieure de Commerce de Nantes-Atlantique
France,Ecole SupÈrieure de Commerce de Paris
France,Ecole SupÈrieure de Commerce de Pau
France,Ecole SupÈrieure de Commerce de Reims
France,Ecole SupÈrieure de Commerce de Rouen
France,Ecole SupÈrieure de Commerce de Sophia Antipolis
France,Ecole SupÈrieure de Commerce de Toulouse
France,Ecole SupÈrieure de Commerce et Management
France,Ecole SupÈrieure d'ElectricitÈ
France,Ecole SupÈrieure d'Electronique de l'Ouest
France,Ecole SupÈrieure de Physique et de Chimie Industrielles
France,Ecole SupÈrieure des Sciences Commerciales d'Angers
France,Ecole SupÈrieure des Sciences Economiques et Commerciales
France,Ecole SupÈrieure des Sciences et Technologie de l'IngÈnieur de Nancy
France,Ecole SupÈrieure des Techniques Industrielles et des Textiles
France,Ecole SupÈrieure d'Informatique-Electronique-Automatique
France,Ecole SupÈrieure d'IngÈnieurs de Marseille
France,Ecole SupÈrieure d'IngÈnieurs en Electronique et Electrotechnique
France,Ecole SupÈrieure d'IngÈnieurs en GÈnie Electrique
France,Ecole SupÈrieure d'IngÈnieurs et de Techniciens pour l'Agriculture
France,Ecole SupÈrieure d'Optique
France,Ecole SupÈrieure Internationale d'Administration des Entreprises
France,Ecole Superieure Robert de Sorbon
France,Ecole Universitaire d'IngÈnieurs de Lille
France,ENIC Telecom Lille 1
France,EPF Ecole d'IngÈnieurs
France,European Business School
France,European Management Center Paris
France,Grenoble Ecole de Management
France,Groupe Sup de Co Amiens Picardie
France,Groupe Sup de Co Montpellier
France,IDRAC (Institut de recherche en action commerciale)
France,Institut Catholique d'Arts et MÈtiers Lille
France,Institut Catholique d'Arts et MÈtiers Nantes
France,Institut Catholique de Paris
France,Institut Catholique de Toulouse
France,Institut Commercial de Nancy
France,Institut de Recherche et d'Enseignement SupÈrieur aux Techniques de l'Èlectronique
France,Institut des hautes Ètudes Èconomiques et commerciales
France,Institut des Sciences de la MatiÌ®re et du Rayonnement
France,Institut des Sciences de l'IngÈnieur de Clermont-Ferrand
France,Institut des Sciences de l'IngÈnieur de Montpellier
France,Institut d'Etudes Politiques de Bordeaux
France,Institut d'Etudes Politiques de Paris (Sciences Po)
France,Institut National des Sciences AppliquÈes de Lyon
France,Institut National des Sciences AppliquÈes de Rennes
France,Institut National des Sciences AppliquÈes de Rouen
France,Institut National des Sciences AppliquÈes de Toulouse
France,Institut National des TÈlÈcommunications
France,Institut National Polytechnique de Grenoble
France,Institut National Polytechnique de Lorraine
France,Institut National Polytechnique de Toulouse
France,Institut National SupÈrieur de Formation Agro-Alimentaire
France,Institut SupÈrieur Agricole de Beauvais
France,Institut SupÈrieur d'Agriculture Lille
France,Institut SupÈrieur d'Agriculture Rhone-Alpes
France,Institut SupÈrieure d'Electronique de Paris
France,Institut SupÈrieure d'Electronique du Nord
France,Institut Textile et Chimique de Lyon
France,Schiller International University, Paris
France,Schiller International University, Strasbourg
France,UniversitÈ Blaise Pascal (Clermont-Ferrand II)
France,UniversitÈ Bordeaux I
France,UniversitÈ Catholique de Lille
France,UniversitÈ Catholique de l' Ouest
France,UniversitÈ Catholique de Lyon
France,UniversitÈ Charles-de-Gaulle (Lille III)
France,UniversitÈ Claude Bernard (Lyon I)
France,UniversitÈ d'Aix-Marseille III
France,UniversitÈ d'Angers
France,UniversitÈ d'Artois
France,UniversitÈ d'Auvergne (Clermont-Ferrand I)
France,UniversitÈ d'Avignon
France,UniversitÈ de Bourgogne
France,UniversitÈ de Bretagne Occidentale
France,UniversitÈ de Bretagne Sud
France,UniversitÈ de Caen Basse Normandie
France,UniversitÈ de Cergy-Pontoise
France,UniversitÈ de Corse Pascal Paoli
France,UniversitÈ de Franche-ComtÈ
France,UniversitÈ de Haute-Alsace
France,UniversitÈ de la MÈditerranÈe (Aix Marseille II)
France,UniversitÈ de La Rochelle
France,UniversitÈ de Limoges
France,UniversitÈ de Marne la VallÈe
France,UniversitÈ de Metz
France,UniversitÈ de Montpellier I
France,UniversitÈ de Montpellier II
France,UniversitÈ de Nantes
France,UniversitÈ de Nice-Sophia Antipolis
France,UniversitÈ Denis Diderot (Paris VII)
France,UniversitÈ de Pau et des Pays de l'Adour
France,UniversitÈ de Perpignan
France,UniversitÈ de Picardie Jules-Verne
France,UniversitÈ de Poitiers
France,UniversitÈ de Provence (Aix-Marseille I)
France,UniversitÈ de Reims Champagne-Ardenne
France,UniversitÈ de Rouen - Haute Normandie
France,UniversitÈ de Savoie
France,UniversitÈ des Sciences et Technologies de Lille (Lille I)
France,UniversitÈ des Sciences Humaines (Strasbourg II)
France,UniversitÈ des Sciences Sociales (Toulouse I)
France,UniversitÈ de Technologie de Belfort MontbÈliard
France,UniversitÈ de Technologie de Compi‡®gne
France,UniversitÈ de Technologie de Troyes
France,UniversitÈ de Toulouse
France,UniversitÈ de Toulouse-le-Mirail (Toulouse II)
France,UniversitÈ de Valenciennes et du Hainaut-CambrÈsis
France,UniversitÈ de Versailles Saint-Quentin-en-Yvelines
France,UniversitÈ d'Evry Val d'Essonne
France,UniversitÈ d'OrlÈans
France,UniversitÈ du Droit et de la Sante (Lille II)
France,UniversitÈ du Havre
France,UniversitÈ du Littoral Cote d'Opale
France,UniversitÈ du Maine
France,UniversitÈ du Sud, Toulon et Var
France,UniversitÈ FranÁois Rabelais de Tours
France,UniversitÈ Henri PoincarÈ (Nancy I)
France,UniversitÈ Jean Monnet
France,UniversitÈ Jean Moulin (Lyon III)
France,UniversitÈ Joseph Fourier (Grenoble I)
France,UniversitÈ Louis Pasteur (Strasbourg I)
France,UniversitÈ LumiÈre (Lyon II)
France,UniversitÈ Michel de Montaigne (Bordeaux III )
France,UniversitÈ Montesquieu (Bordeaux IV)
France,UniversitÈ Nancy II
France,UniversitÈ PanthÈon-Assas (Paris II)
France,UniversitÈ PanthÈon-Sorbonne (Paris I)
France,UniversitÈ Paris-Dauphine (Paris IX)
France,UniversitÈ Paris Nanterre (Paris X)
France,UniversitÈ Paris Nord (Paris XIII)
France,UniversitÈ Paris-Sorbonne (Paris IV)
France,UniversitÈ Paris Sud (Paris XI)
France,UniversitÈ Paul Sabatier (Toulouse III)
France,UniversitÈ Paul ValÈry (Montpellier III)
France,UniversitÈ Pierre et Marie Curie (Paris VI)
France,UniversitÈ Pierre Mendes-France (Grenoble II)
France,UniversitÈ RenÈ Descartes (Paris V)
France,UniversitÈ Rennes I
France,UniversitÈ Rennes II - Haute-Bretagne
France,UniversitÈ Robert Schuman (Strasbourg III)
France,UniversitÈ Sorbonne-Nouvelle (Paris III)
France,UniversitÈ Stendhal (Grenoble III)
France,UniversitÈ Val-de-Marne (Paris XII)
France,UniversitÈ Victor Segalen (Bordeaux II)
France,UniversitÈ Vincennes Saint-Denis (Paris VIII)
Gabon,UniversitÈ Omar Bongo
United Kingdom of Great Britain and Northern Ireland,Aga Khan University
United Kingdom of Great Britain and Northern Ireland,American InterContinental University - London
United Kingdom of Great Britain and Northern Ireland,Anglia Ruskin University
United Kingdom of Great Britain and Northern Ireland,Aston University
United Kingdom of Great Britain and Northern Ireland,Birkbeck College, University of London
United Kingdom of Great Britain and Northern Ireland,Birmingham City University
United Kingdom of Great Britain and Northern Ireland,Bournemouth University
United Kingdom of Great Britain and Northern Ireland,British College of Osteopathic Medicine
United Kingdom of Great Britain and Northern Ireland,Brunel University Uxbridge
United Kingdom of Great Britain and Northern Ireland,Buckinghamshire New University
United Kingdom of Great Britain and Northern Ireland,Camberwell College of Arts
United Kingdom of Great Britain and Northern Ireland,Canterbury Christ Church University
United Kingdom of Great Britain and Northern Ireland,Cardiff University
United Kingdom of Great Britain and Northern Ireland,Central Saint Martins College of Art & Design
United Kingdom of Great Britain and Northern Ireland,Chelsea College of Art and Design
United Kingdom of Great Britain and Northern Ireland,City University
United Kingdom of Great Britain and Northern Ireland,Courtauld Institute of Art, University of London
United Kingdom of Great Britain and Northern Ireland,Coventry University
United Kingdom of Great Britain and Northern Ireland,Cranfield University
United Kingdom of Great Britain and Northern Ireland,De Montfort University Leicester
United Kingdom of Great Britain and Northern Ireland,European School of Economics
United Kingdom of Great Britain and Northern Ireland,Falmouth University
United Kingdom of Great Britain and Northern Ireland,Glasgow Caledonian University
United Kingdom of Great Britain and Northern Ireland,Glasgow School of Art
United Kingdom of Great Britain and Northern Ireland,Goldsmiths College, University of London
United Kingdom of Great Britain and Northern Ireland,Heriot-Watt University
United Kingdom of Great Britain and Northern Ireland,Heythrop College, University of London
United Kingdom of Great Britain and Northern Ireland,Huron University USA in London
United Kingdom of Great Britain and Northern Ireland,ifs University College
United Kingdom of Great Britain and Northern Ireland,Imperial College London
United Kingdom of Great Britain and Northern Ireland,Imperial College School of Medicine
United Kingdom of Great Britain and Northern Ireland,Institue of Historical Research, University of London
United Kingdom of Great Britain and Northern Ireland,Institute of Advanced Legal Studies, University of London
United Kingdom of Great Britain and Northern Ireland,Institute of Classical Studies, University of London
United Kingdom of Great Britain and Northern Ireland,Institute of Commonwealth Studies, University of London
United Kingdom of Great Britain and Northern Ireland,Institute of Education, University of London
United Kingdom of Great Britain and Northern Ireland,Institute of Germanic Studies, University of London
United Kingdom of Great Britain and Northern Ireland,Institute of Latin American Studies, University of London
United Kingdom of Great Britain and Northern Ireland,International Centre for Isclamic Science
United Kingdom of Great Britain and Northern Ireland,International Colleges of Islamic Science
United Kingdom of Great Britain and Northern Ireland,Keele University
United Kingdom of Great Britain and Northern Ireland,King's College London, University of London
United Kingdom of Great Britain and Northern Ireland,Kingston University
United Kingdom of Great Britain and Northern Ireland,Leeds Metropolitan University
United Kingdom of Great Britain and Northern Ireland,Liverpool Hope University College
United Kingdom of Great Britain and Northern Ireland,Liverpool John Moores University
United Kingdom of Great Britain and Northern Ireland,London Business School
United Kingdom of Great Britain and Northern Ireland,London College of Science & Technology
United Kingdom of Great Britain and Northern Ireland,London Guildhall University
United Kingdom of Great Britain and Northern Ireland,London Institute of Management and Technology
United Kingdom of Great Britain and Northern Ireland,London Metropolitan University
United Kingdom of Great Britain and Northern Ireland,London School of Business & Finance
United Kingdom of Great Britain and Northern Ireland,London School of Economics and Political Science, University of London
United Kingdom of Great Britain and Northern Ireland,London School of Hygiene & Tropical Medicine, University of London
United Kingdom of Great Britain and Northern Ireland,London School of Jewish Studies
United Kingdom of Great Britain and Northern Ireland,Loughborough University
United Kingdom of Great Britain and Northern Ireland,Middlesex University
United Kingdom of Great Britain and Northern Ireland,Napier University
United Kingdom of Great Britain and Northern Ireland,Newport International University
United Kingdom of Great Britain and Northern Ireland,Nottingham Trent University
United Kingdom of Great Britain and Northern Ireland,Open University
United Kingdom of Great Britain and Northern Ireland,Oxford Brookes University
United Kingdom of Great Britain and Northern Ireland,Queen Mary and Westfield College, University of London
United Kingdom of Great Britain and Northern Ireland,Richmond University - The American International University in London
United Kingdom of Great Britain and Northern Ireland,Roehampton University of Surrey
United Kingdom of Great Britain and Northern Ireland,Royal Academy of Music, University of London
United Kingdom of Great Britain and Northern Ireland,Royal College of Art
United Kingdom of Great Britain and Northern Ireland,Royal College of Music, University of London
United Kingdom of Great Britain and Northern Ireland,Royal Free Hospital School of Medicine, University of London
United Kingdom of Great Britain and Northern Ireland,Royal Holloway and Bedford New College
United Kingdom of Great Britain and Northern Ireland,Saint George's Hospital Medical School, University of London
United Kingdom of Great Britain and Northern Ireland,Schiller International University, London
United Kingdom of Great Britain and Northern Ireland,School of Oriental and African Studies, University of London
United Kingdom of Great Britain and Northern Ireland,School of Pharmacy, University of London
United Kingdom of Great Britain and Northern Ireland,School of Slavonic and East European Studies, University of London
United Kingdom of Great Britain and Northern Ireland,Sheffield Hallam University
United Kingdom of Great Britain and Northern Ireland,Sotheby¬¥s Institute of Art - London
United Kingdom of Great Britain and Northern Ireland,Southampton Solent University
United Kingdom of Great Britain and Northern Ireland,South Bank University
United Kingdom of Great Britain and Northern Ireland,Staffordshire University
United Kingdom of Great Britain and Northern Ireland,St.Patrick's International College, London
United Kingdom of Great Britain and Northern Ireland,Stratford College London
United Kingdom of Great Britain and Northern Ireland,Swansea Metropolitan University
United Kingdom of Great Britain and Northern Ireland,Thames Valley University
United Kingdom of Great Britain and Northern Ireland,The American University in London
United Kingdom of Great Britain and Northern Ireland,The Manchester Metropolitan University
United Kingdom of Great Britain and Northern Ireland,The Queen's University Belfast
United Kingdom of Great Britain and Northern Ireland,The Robert Gordon University
United Kingdom of Great Britain and Northern Ireland,Trinity College Carmarthen
United Kingdom of Great Britain and Northern Ireland,Trinity College of Music
United Kingdom of Great Britain and Northern Ireland,United Medical and Dental Schools, University of London
United Kingdom of Great Britain and Northern Ireland,University Campus Suffolk
United Kingdom of Great Britain and Northern Ireland,University College London, University of London
United Kingdom of Great Britain and Northern Ireland,University of Aberdeen
United Kingdom of Great Britain and Northern Ireland,University of Abertay Dundee
United Kingdom of Great Britain and Northern Ireland,University of Bath
United Kingdom of Great Britain and Northern Ireland,University of Bedfordshire
United Kingdom of Great Britain and Northern Ireland,University of Birmingham
United Kingdom of Great Britain and Northern Ireland,University of Bolton
United Kingdom of Great Britain and Northern Ireland,University of Bradford
United Kingdom of Great Britain and Northern Ireland,University of Brighton
United Kingdom of Great Britain and Northern Ireland,University of Bristol
United Kingdom of Great Britain and Northern Ireland,University of Buckingham
United Kingdom of Great Britain and Northern Ireland,University of Cambridge
United Kingdom of Great Britain and Northern Ireland,University of Central Lancashire
United Kingdom of Great Britain and Northern Ireland,University of Chester
United Kingdom of Great Britain and Northern Ireland,University of Derby
United Kingdom of Great Britain and Northern Ireland,University of Dundee
United Kingdom of Great Britain and Northern Ireland,University of Durham
United Kingdom of Great Britain and Northern Ireland,University of East Anglia
United Kingdom of Great Britain and Northern Ireland,University of East London
United Kingdom of Great Britain and Northern Ireland,University of Edinburgh
United Kingdom of Great Britain and Northern Ireland,University of Essex
United Kingdom of Great Britain and Northern Ireland,University of Exeter
United Kingdom of Great Britain and Northern Ireland,University of Glamorgan
United Kingdom of Great Britain and Northern Ireland,University of Glasgow
United Kingdom of Great Britain and Northern Ireland,University of Gloucestershire
United Kingdom of Great Britain and Northern Ireland,University of Greenwich
United Kingdom of Great Britain and Northern Ireland,University of Halifax, Birmingham Campus
United Kingdom of Great Britain and Northern Ireland,University of Hertfordshire
United Kingdom of Great Britain and Northern Ireland,University of Huddersfield
United Kingdom of Great Britain and Northern Ireland,University of Hull
United Kingdom of Great Britain and Northern Ireland,University of Kent at Canterbury
United Kingdom of Great Britain and Northern Ireland,University of Lancaster
United Kingdom of Great Britain and Northern Ireland,University of Leeds
United Kingdom of Great Britain and Northern Ireland,University of Leicester
United Kingdom of Great Britain and Northern Ireland,University of Lincoln
United Kingdom of Great Britain and Northern Ireland,University of Liverpool
United Kingdom of Great Britain and Northern Ireland,University of London
United Kingdom of Great Britain and Northern Ireland,University of Manchester
United Kingdom of Great Britain and Northern Ireland,University of Newcastle-upon-Tyne
United Kingdom of Great Britain and Northern Ireland,University of Northampton
United Kingdom of Great Britain and Northern Ireland,University of North London
United Kingdom of Great Britain and Northern Ireland,University of Northumbria at Newcastle
United Kingdom of Great Britain and Northern Ireland,University of Nottingham
United Kingdom of Great Britain and Northern Ireland,University of Oxford
United Kingdom of Great Britain and Northern Ireland,University of Paisley
United Kingdom of Great Britain and Northern Ireland,University of Plymouth
United Kingdom of Great Britain and Northern Ireland,University of Portsmouth
United Kingdom of Great Britain and Northern Ireland,University of Reading
United Kingdom of Great Britain and Northern Ireland,University of Salford
United Kingdom of Great Britain and Northern Ireland,University of Sheffield
United Kingdom of Great Britain and Northern Ireland,University of Southampton
United Kingdom of Great Britain and Northern Ireland,University of St. Andrews
United Kingdom of Great Britain and Northern Ireland,University of Stirling
United Kingdom of Great Britain and Northern Ireland,University of Strathclyde
United Kingdom of Great Britain and Northern Ireland,University of Sunderland
United Kingdom of Great Britain and Northern Ireland,University of Surrey
United Kingdom of Great Britain and Northern Ireland,University of Sussex
United Kingdom of Great Britain and Northern Ireland,University of Teesside
United Kingdom of Great Britain and Northern Ireland,University of the West of England, Bristol
United Kingdom of Great Britain and Northern Ireland,University of Ulster
United Kingdom of Great Britain and Northern Ireland,University of Wales
United Kingdom of Great Britain and Northern Ireland,University of Wales, Aberystwyth
United Kingdom of Great Britain and Northern Ireland,University of Wales, Bangor
United Kingdom of Great Britain and Northern Ireland,University of Wales College of Medicine
United Kingdom of Great Britain and Northern Ireland,University of Wales Institute, Cardiff
United Kingdom of Great Britain and Northern Ireland,University of Wales, Lampeter
United Kingdom of Great Britain and Northern Ireland,University of Wales, Newport
United Kingdom of Great Britain and Northern Ireland,University of Wales, Swansea
United Kingdom of Great Britain and Northern Ireland,University of Warwick
United Kingdom of Great Britain and Northern Ireland,University of Westminster
United Kingdom of Great Britain and Northern Ireland,University of Wolverhampton
United Kingdom of Great Britain and Northern Ireland,University of Worcester
United Kingdom of Great Britain and Northern Ireland,University of York
United Kingdom of Great Britain and Northern Ireland,Warburg Institute, University of London
United Kingdom of Great Britain and Northern Ireland,Warnborough University
United Kingdom of Great Britain and Northern Ireland,William Gilbert College
United Kingdom of Great Britain and Northern Ireland,Wimbledon School of Art
Grenada,St. George's University
Georgia,Agricultural University of Georgia
Georgia,Akaki Tsereteli State University
Georgia,Caucasus University
Georgia,Free University of Tbilisi
Georgia,Georgian Technical University
Georgia,Ilia Chavchavadze State University
Georgia,International Blacksea University
Georgia,St. Andrew Georgian University
Georgia,Tbilisi State Medical University
Georgia,Tbilisi State University
Georgia,Tbilisi Teaching University
Georgia,University of Grigol Robakidze
French Guiana,UniversitÈ des Antilles et de la Guyane
Ghana,Accra Polytechnic 
Ghana,Akrofi-Christaller Institute of Theeology, Mission and  Culture
Ghana,All Nations University College
Ghana,Ashesi University
Ghana,Cape Coast Polytechnic 
Ghana,Central University College
Ghana,Ghana Christian University College
Ghana,Ghana Institute of Management and Public Administration (GIMPA)
Ghana,Ghana Telecom University College
Ghana,Ho Polytechnic 
Ghana,Islamic University College
Ghana,Koforidua Polytechnic 
Ghana,Kumasi Polytechnic 
Ghana,Kwame Nkrumah University of Science and Technology
Ghana,Lancaster University Ghana
Ghana,Pan African Christian University College
Ghana,Prempeh College
Ghana,Presbyterian University College
Ghana,Regent University College of Science and Technology  
Ghana,Takoradi Polytechnic 
Ghana,Trinity Theological Seminary
Ghana,University for Development Studies
Ghana,University of Cape Coast
Ghana,University of Education, Winneba
Ghana,University of Ghana
Ghana,Valley View University
Greenland,University of Greenland
Gambia,American International University West Africa
Gambia,EUCLID University
Gambia,University of the Gambia
Guinea,UniversitÈ Gamal Abdel Nasser de Conakry
Guinea,UniversitÈ Julius Nyerere Kankan
Guinea,UniversitÈ Kofi Annan
Guinea,UniversitÈ Thierno Amadou Diallo
Guadeloupe,UniversitÈ des Antilles et de la Guyane
Equatorial Guinea,Universidad Nacional de Guinea Ecuatorial
Greece,Aegean University
Greece,Agricultural University of Athens
Greece,American College of Greece
Greece,American College of Thessaloniki
Greece,Aristotle University of Thessaloniki
Greece,Athens Graduate School of Management (AGSM)
Greece,Athens Laboratory of Business Administration (ALBA)
Greece,Athens School of Fine Arts
Greece,Athens University of Economics and Business
Greece,City University Athens
Greece,DEI Bachelor & Master Degrees
Greece,Dimocritus University of Thrace
Greece,European University, Athens Campus
Greece,Harokopio University
Greece,Hellenic Army Academy
Greece,Hellenic Open University
Greece,Institute of Management Development - Ohrid
Greece,Institute of Management & Enteurpreneurship of South East Europe
Greece,International Hellenic University
Greece,Ionian University Corfu
Greece,National Technical University of Athens
Greece,Panteios University of Economics and Political Sciences Athens
Greece,Technical University of Crete
Greece,Technological Education Institute of Athens
Greece,Technological Education Institute of Epiros
Greece,Technological Education Institute of Halkida, Euboea
Greece,Technological Education Institute of Heraklion
Greece,Technological Education Institute of Kalamata
Greece,Technological Education Institute of Kavala
Greece,Technological Education Institute of Kozani
Greece,Technological Education Institute of Lamia
Greece,Technological Education Institute of Larissa
Greece,Technological Education Institute of Mesologgi
Greece,Technological Education Institute of Patras
Greece,Technological Education Institute of Piraeus
Greece,Technological Education Institute of Serres
Greece,Technological Education Institute of Thessaloniki
Greece,University of Athens
Greece,University of Central Greece
Greece,University of Crete
Greece,University of Indianapolis in Athens
Greece,University of Ioannina
Greece,University of LaVerne in Athens
Greece,University of Macedonia
Greece,University of Patras
Greece,University of Peloponnese
Greece,University of Piraeus
Greece,University of Thessaly
Greece,University of Western Macedonia
Greece,Yorker International University, Athens
Guatemala,Centro Universitario Ciudad Vieja
Guatemala,Centro Universitario de Occidente
Guatemala,Universidad del Istmo
Guatemala,Universidad del Valle de Guatemala
Guatemala,Universidad de San Carlos de Guatemala
Guatemala,Universidad Francisco MarroquÌ≠n
Guatemala,Universidad Galileo
Guatemala,Universidad Mariano GÌ°lvez
Guatemala,Universidad Panamericana
Guatemala,Universidad Rafael LandÌ≠var
Guatemala,Universidad Rural de Guatemala
Guam,University of Guam
Guyana,Gemsville Technical University
Guyana,Greenheart Medical School
Guyana,Texila American University
Guyana,University of Guyana
Hong Kong,Chinese University of Hong Kong
Hong Kong,Chu Hai College
Hong Kong,City University of Hong Kong
Hong Kong,Hong Kong Academy for Performing Arts 
Hong Kong,Hong Kong Baptist University
Hong Kong,Hong Kong Institute of Education
Hong Kong,Hong Kong Polytechnic University
Hong Kong,Hong Kong Shue Yan College
Hong Kong,Hong Kong University of Science and Technology
Hong Kong,Lingnan University
Hong Kong,Open University of Hong Kong
Hong Kong,University of Hong Kong
Honduras,Escuela Agricola Panamericana Zamorano
Honduras,Universidad CatÛlica de Honduras
Honduras,Universidad de San Pedro Sula
Honduras,Universidad JosÈ Cecilio del Valle
Honduras,Universidad Metropolitana de Honduras
Honduras,Universidad Nacional AutÛnoma de Honduras
Honduras,Universidad PedagÛgica Nacional Francisco MorazÌ°n
Honduras,Universidad TecnolÛgica Centroamericana
Honduras,Universidad TecnolÛgica de Honduras
Croatia,University of Dubrovnik
Croatia,University of Osijek
Croatia,University of Pula
Croatia,University of Rijeka
Croatia,University of Split
Croatia,University of Zadar
Croatia,University of Zagreb
Croatia,Zagreb School of Economics and Management
Haiti,American University of the Caribbean
Haiti,UniversitÈ ChrÈtienne du Nord d'Haiti
Haiti,UniversitÈ d'Etat d'Haiti
Haiti,L'UniversitÈ Episcopale d'HaÔti
Haiti,UniversitÈ Notre Dame d'HaÔti
Haiti,UniversitÈ Quisqueya
Hungary,Academy of Drama and Film
Hungary,Andrassy Gyula German Speaking University Budapest
Hungary,Avicenna International College
Hungary,Budapest Buddhist University
Hungary,Budapest University of Economic Sciences and Public Administration
Hungary,Central European University
Hungary,College of Dunaujvaros
Hungary,DÌ°niel Berzsenyi Teacher Training College
Hungary,Debrecen University of Agricultural Sciences
Hungary,Eˆtvˆs Lorand University
Hungary,Esztergom Theological College
Hungary,Haynal Imre University of Health Sciences Budapest
Hungary,Hungarian Academy of Craft and Design
Hungary,Hungarian Academy of Fine Arts Budapest
Hungary,Hungarian University of Physical Education
Hungary,Janus Pannonius University
Hungary,KÌ°rol GÌ°spÌ°r University of the Reformed Church
Hungary,Kodolanyi Janos University College
Hungary,Kossuth Lajos University
Hungary,Liszt Ferenc Academy of Music Budapest
Hungary,P·zm·ny PÈter Catholic University
Hungary,Reformed Theological Academy of Debrecen
Hungary,SzÈchenyi Istv·n University
Hungary,Semmelweis University of Medical Sciences
Hungary,Szent IstvÌ°n University
Hungary,Technical University of Budapest
Hungary,University Medical School of Debrecen
Hungary,University Medical School of PÈcs
Hungary,University of Debrecen 
Hungary,University of Horticulture and Food Industry
Hungary,University of Miskolc
Hungary,University of Pannonia
Hungary,University of Pecs
Hungary,University of Sopron
Hungary,University of Szeged
Hungary,University of Veterinary Science
Hungary,University of West Hungary
Indonesia,Abfi Institute Perbanas Jakarta
Indonesia,Binus University
Indonesia,Bogor Agricultural University
Indonesia,Institut Sains dan Teknologi Al Kamal
Indonesia,Institut Sains & Teknologi Akprind
Indonesia,Institut Teknologi Adhi Tama Surabaya
Indonesia,Institut Teknologi Bandung
Indonesia,Institut Teknologi Sepuluh Nopember
Indonesia,Institut Teknologi Telkom
Indonesia,Politeknik Negeri Bandung
Indonesia,Politeknik Negeri Jakarta
Indonesia,Politeknik Negeri Lhokseumawe
Indonesia,Politeknik Negeri Malang
Indonesia,Politeknik Negeri Padang
Indonesia,Politeknik Negeri Pontianak
Indonesia,Politeknik Negeri Sambas
Indonesia,Politeknik Negeri Semarang
Indonesia,Politeknik Pos Indonesia
Indonesia,Prasetiya Mulya Business School
Indonesia,Sekolah Tinggi Akuntansi Negara (STAN)
Indonesia,Stie Perbanas Surabaya
Indonesia,STMIK AMIKOM Yogyakarta
Indonesia,STMIK Sinar Nusantara
Indonesia,Swiss German University
Indonesia,Trisakti Institute of Tourism 
Indonesia,Unitomo Surabaya
Indonesia,Universitas 17 Agustus 1945 Banyuwangi
Indonesia,Universitas 17 Agustus 1945 Cirebon
Indonesia,Universitas 17 Agustus 1945 Jakarta
Indonesia,Universitas 17 Agustus 1945 Samarinda
Indonesia,Universitas 17 Agustus 1945 Semarang
Indonesia,Universitas 17 Agustus 1945 Surabaya
Indonesia,Universitas Advent Indonesia
Indonesia,Universitas Ahmad Dahlan
Indonesia,Universitas Airlangga
Indonesia,Universitas Amir Hamzah
Indonesia,Universitas Andalas
Indonesia,Universitas Atma Jaya Yogyakarta
Indonesia,Universitas Bakrie
Indonesia,Universitas Bengkulu
Indonesia,Universitas Bhayangkara Jakarta Raya
Indonesia,Universitas Bhayangkara Surabaya
Indonesia,Universitas Bojonegoro
Indonesia,Universitas Brawijaya
Indonesia,Universitas Bunda Mulia Jakarta
Indonesia,Universitas Bung Hatta
Indonesia,Universitas Cenderawasih
Indonesia,Universitas Darma Agung
Indonesia,Universitas Darma Persada
Indonesia,Universitas Dian Nuswantoro
Indonesia,Universitas Diponegoro
Indonesia,Universitas Dr. R. Moestopo
Indonesia,Universitas Gadjah Mada
Indonesia,Universitas Gajayana Malang
Indonesia,Universitas Gunadarma
Indonesia,Universitas Haluoleo
Indonesia,Universitas Hasanuddin
Indonesia,Universitas HKBP Nommensen
Indonesia,Universitas Ibn Chaldun Jakarta
Indonesia,Universitas Ibn Khaldun Bogor
Indonesia,Universitas Indonesia
Indonesia,Universitas Indonusa Esa Unggul
Indonesia,Universitas Islam Bandung
Indonesia,Universitas Islam Indonesia
Indonesia,Universitas Islam Jakarta
Indonesia,Universitas Islam Malang
Indonesia,Universitas Islam Nusantara
Indonesia,Universitas Islam Riau
Indonesia,Universitas Islam Sultan Agung
Indonesia,Universitas Islam Sumatera Utara
Indonesia,Universitas Islam Syekh-Yusuf 
Indonesia,Universitas Jambi
Indonesia,Universitas Janabadra
Indonesia,Universitas Jayabaya
Indonesia,Universitas Jember
Indonesia,Universitas Jenderal Achmad Yani
Indonesia,Universitas Jenderal Soedirman
Indonesia,Universitas Katolik Indonesia Atma Jaya
Indonesia,Universitas Katolik Parahyangan
Indonesia,Universitas Katolik Soegijapranoto
Indonesia,Universitas Katolik Widya Karya
Indonesia,Universitas Katolik Widya Manadala
Indonesia,Universitas Kediri
Indonesia,Universitas Khairun
Indonesia,Universitas Klabat
Indonesia,Universitas Komputer Indonesia
Indonesia,Universitas Krisnadwipayana
Indonesia,Universitas Kristen Duta Wacana
Indonesia,Universitas Kristen Indonesia
Indonesia,Universitas Kristen Indonesia Tomohon
Indonesia,Universitas Kristen Krida Wacana
Indonesia,Universitas Kristen Maranatha
Indonesia,Universitas Kristen Petra
Indonesia,Universitas Kristen Satya Wacana
Indonesia,Universitas Lambung Mangkurat
Indonesia,Universitas Lampung
Indonesia,Universitas Lancang Kuning
Indonesia,Universitas Ma Chung
Indonesia,Universitas Madura
Indonesia,Universitas Mahasaraswati Denpasar
Indonesia,Universitas Mahendradatta
Indonesia,Universitas Mataram
Indonesia,Universitas Mercu Buana
Indonesia,Universitas Merdeka Madiun
Indonesia,Universitas Merdeka Malang
Indonesia,Universitas Methodist Indonesia
Indonesia,Universitas Muhammadiyah Jakarta
Indonesia,Universitas Muhammadiyah Jember
Indonesia,Universitas Muhammadiyah Magelang
Indonesia,Universitas Muhammadiyah Makassar
Indonesia,Universitas Muhammadiyah Malang
Indonesia,Universitas Muhammadiyah Mataram
Indonesia,Universitas Muhammadiyah Sumatra Utara
Indonesia,Universitas Muhammadiyah Surakarta
Indonesia,Universitas Muhammadiyah Yogyakarta
Indonesia,Universitas Mulawarman
Indonesia,Universitas Muria Kudus
Indonesia,Universitas Muslim Indonesia
Indonesia,Universitas Narotama
Indonesia,Universitas Nasional Jakarta
Indonesia,Universitas Nasional Pasim
Indonesia,Universitas Negeri Gorontalo
Indonesia,Universitas Negeri Jakarta
Indonesia,Universitas Negeri Makassar
Indonesia,Universitas Negeri Malang
Indonesia,Universitas Negeri Manado
Indonesia,Universitas Negeri Medan
Indonesia,Universitas Negeri Padang
Indonesia,Universitas Negeri Semarang
Indonesia,Universitas Negeri Surabaya
Indonesia,Universitas Negeri Yogyakarta
Indonesia,Universitas Ngurah Rai
Indonesia,Universitas Nusa Cendana
Indonesia,Universitas Padjadjaran
Indonesia,Universitas Pakuan
Indonesia,Universitas Palangka Raya
Indonesia,Universitas Pancasakti Tegal
Indonesia,Universitas Pancasila
Indonesia,Universitas Paramadina Mulya
Indonesia,Universitas Pasundan
Indonesia,Universitas Pattimura
Indonesia,Universitas Pekalongan
Indonesia,Universitas Pelita Harapan
Indonesia,Universitas Pembangunan Nasional Veteran East Java
Indonesia,Universitas Pembangunan Panca Budi
Indonesia,Universitas Pendidikan Indonesia
Indonesia,Universitas Persada Indonesia Y.A.I
Indonesia,Universitas Pesantren Darul Ulum Jombang
Indonesia,Universitas Proklamasi 45
Indonesia,Universitas Putera Batam
Indonesia,Universitas Riau
Indonesia,Universitas Sam Ratulangi
Indonesia,Universitas Sanata Dharma
Indonesia,Universitas Sarjanawiyata Tamansiswa
Indonesia,Universitas Sebelas Maret
Indonesia,Universitas Semarang
Indonesia,Universitas Siliwangi
Indonesia,Universitas Simalungun
Indonesia,Universitas Slamet Riyadi Surakarta
Indonesia,Universitas Sriwijaya
Indonesia,Universitas Sultan Ageng Tirtayasa
Indonesia,Universitas Sumatera Utara
Indonesia,Universitas Surabaya
Indonesia,Universitas Swadaya Gunung Djati
Indonesia,Universitas Syiah Kuala
Indonesia,Universitas Tadulako
Indonesia,Universitas Tanjungpura
Indonesia,Universitas Tarumanagara
Indonesia,Universitas Terbuka Indonesia
Indonesia,Universitas Tidar Magelang
Indonesia,Universitas Trilogi
Indonesia,Universitas Trisakti
Indonesia,Universitas Tunas Pembangunan
Indonesia,Universitas Udayana
Indonesia,Universitas Widya Gama Malang
Indonesia,Universitas Widyatama
Indonesia,Universitas Wijaya Kusuma Purwokerto
Indonesia,Universitas Wijaya Kusuma Surabaya
Indonesia,Universitas Wisnuwardhana
Indonesia,Universitas Yarsi
Ireland,Athlone Institute of Technology
Ireland,Carlow Institute of Technology
Ireland,Cork Institute of Technology
Ireland,Dublin City University
Ireland,Dublin Institute for Advanced Studies
Ireland,Dublin Institute of Technology
Ireland,Galway Mayo Institute of Technology
Ireland,Griffith College
Ireland,Institue of Technology, Tralee
Ireland,Irish International University (Distance Education)
Ireland,LSB College
Ireland,National College of Ireland
Ireland,National University of Ireland
Ireland,National University of Ireland, Galway
Ireland,National University of Ireland, Maynooth
Ireland,Royal College of Physicians of Ireland
Ireland,Royal College of Surgeons
Ireland,Shannon College of Hotel Management
Ireland,University College Cork
Ireland,University College Dublin
Ireland,University of Dublin, Trinity College
Ireland,University of Limerick
Ireland,Warnborough University
Ireland,Waterford Institute Of Technology
Israel,Acdemic Center for Law and Business
Israel,Afeka Tel Aviv Academic College of Engineering
Israel,Ariel University Center of Samaria
Israel,Ashkelon Academic College
Israel,Bar-Ilan University
Israel,Ben-Gurion University of the Negev
Israel,Bezalel Academy of Art and Design
Israel,College of Management
Israel,Emeq Yizrael College
Israel,Galillee College
Israel,Hebrew University of Jerusalem
Israel,Jerusalem University College
Israel,Open University of Israel
Israel,Russell Berrie Nanotechnology Institute
Israel,Sami Shamoon College of Engineering
Israel,Shenkar School of Engineering & Design
Israel,Technion - Israel Institute of Technology
Israel,Tel Aviv University
Israel,The Interdisciplinary Center Herzliya
Israel,University of Haifa
Israel,Weizmann Institute of Science
Israel,Western Galilee College
India,Acharya Nagarjuna University
India,Acharya Ranga Agricultural University
India,Ahmedabad University
India,AISECT University
India,Alagappa University
India,Aligarh Muslim University
India,Allahabad Agricultural Institute, Deemed University
India,Allahabad University
India,All India Institute of Medical Sciences
India,Amity University
India,Amravati University
India,Amrita Vishwa Vidyapeetham (Deemed University)
India,Andhra University
India,Annamalai University
India,Anna University
India,Anna University of Technology, Tirunelveli
India,ARYA Institute of Engineering & Technology
India,Asian Business School
India,Assam Agricultural University
India,Assam University
India,Avinashilingam Institute for Home Science and Higher Education for Women
India,Awadhesh Pratap Singh University
India,Babasaheb Bhimrao Ambedkar University
India,Banaras Hindu University
India,Banasthali University
India,Bangalore University
India,Bankura University
India,Barkatullah University
India,Bengal Engineering College
India,Berhampur University
India,Bhagwant University
India,Bharathiar University
India,Bharathidasan University
India,Bharath Institue Of Higher Education & Research
India,Bharati Vidyapeeth University
India,Bhavnagar University
India,Bhupendra Narayan Mandal University
India,Bidhan Chandra Agricultural University
India,Biju Pattnaik University of Technology
India,Birla Institute of Technology and Science
India,Birla Institute of Technology, Ranchi
India,Birsa Agricultural University
India,B. R. Ambedkar Bihar University
India,B. S. Abdur Rahman University
India,Bundelkhand University
India,Burdwan University
India,CCS Haryana Agricultural University
India,Center for Entrepreneurship and Small Business Management
India,Central Agricultural University
India,Central Institute of English and Foreign Languages
India,Central Institute of Fisheries Education
India,Central Institute of Higher Tibetan Studies
India,Chandra Shekhar Azad University of Agriculture and Technology
India,Chaudhary Charan Singh Haryana Agricultural University
India,Chaudhary Charan Singh University
India,Ch. Charan Singh University
India,Chhatrapati Shahu Ji Maharaj University
India,Christ University
India,CMJ University
India,Cochin University of Science and Technology
India,Darul Huda Islamic University
India,Dav University
India,Dayalbagh Educational Institute
India,Deccan College Postgraduate and Research Institute
India,Deen Dayal Upadhyay Gorakhpur University
India,Delhi College of Engineering (DCE)
India,Devi Ahilya University of Indore
India,Dhirubhai Ambani Institute of Information and Communication Technology
India,Dibrugarh University
India,Dravidian University
India,Dr. Babasaheb Ambedkar Marathwada Universtiy
India,Dr. Babasaheb Ambedkar Technological University
India,Dr. Bhim Rao Abdekar University
India,Dr. B.R. Ambedkar Open University
India,Dr. C.V. Raman University
India,Dr. D.Y. Patil University
India,Dr. Hari Singh Gour University, formerly University of Sagar
India,Dr. Panjabrao Deshmukh Krishi Vidyapeeth
India,Dr. Ram Manohar Lohia Avadh University
India,Dr. YS Parmar University of Horticulture and Forestry
India,Eiilm University
India,Engineering Colleges in Tamil Nadu
India,Fakir Mohan University
India,Fatima mata national college kollam kerala
India,First Global University to teaching Jainism
India,Forest Research Institute Dehradun
India,Gandhigram Rural Institute
India,Gandhi Institute of Technology and Managment
India,Gauhati University
India,Global Open University , Nagaland
India,Goa University
India,Gokhale Institute of Politics and Economics
India,Govind Ballabh Pant University of Agriculture and Technology
India,Gujarat Ayurved University
India,Gujarat Technological University Ahmedabad
India,Gujarat University Ahmedabad
India,Gulbarga University
India,Guru Ghasidas University
India,Guru Gobind Singh Indraprastha University
India,Guru Jambeshwar University
India,Gurukula Kangri University
India,Gurukul University
India,Guru Nanak Dev University
India,Hemchandracharay North Gujarat University
India,Hemwati Nandan Bahuguna Garhwal University
India,Hidayatullah National Law University, Raipur
India,Himachal Pradesh Agricultural University
India,Himachal Pradesh University
India,IASE (Institute of Advanced Studies) Deemed University
India,ICFAI University
India,Indian Agricultural Research Institute
India,Indian Board of Alternative Medicine
India,Indian Institute of Information Technology
India,Indian Institute of Information Technology and Management - Kerala
India,Indian Institute of Management, Tiruchirappalli
India,Indian Institute of Science
India,Indian Institute of Technology, Bombay
India,Indian Institute of Technology, Delhi
India,Indian Institute of Technology, Guwahati
India,Indian Institute of Technology, Hyderabad
India,Indian Institute of Technology, Kanpur
India,Indian Institute of Technology, Kharagpur
India,Indian Institute of Technology, Madras
India,Indian Institute of Technology, Roorkee
India,Indian Institute of Technology, Roorkee
India,Indian Law Institue
India,Indian School of Business Management and Administration
India,Indian School of Mines (ISM)
India,Indian Statistical Institute
India,Indian University
India,Indian Veterinary Research Institute
India,Indira Gandhi Agricultural University
India,Indira Gandhi Institute of Development and Research
India,Indira Gandhi Institute of Medical Sciences
India,Indira Gandhi National Open University
India,Institute of Management and Technical Studies 
India,Institute of Technology and Management
India,Integral University
India,International Institute for Population Sciences
India,Jadavpur University
India,Jagran Lakecity University
India,Jai Narayan Vyas University
India,Jain University, Centre for Management Studies
India,Jain Vishva Bharati Institute
India,Jai Prakash University
India,Jaipur National University
India,Jamia Hamdard University
India,Jamia Millia Islamia University
India,Jawaharlal Nehru Agricultural University
India,Jawaharlal Nehru Centre for Advanced  Scientific Research
India,Jawaharlal Nehru Technological University
India,Jawaharlal Nehru University
India,Jaypee Institute of Information Technology
India,Jiwaji University
India,Jodhpur National University
India,Kakatiya University
India,Kalinga University
India,Kameshwar Singh Darbhanga Sanskrit University
India,Kamrah International Institute of Technology (KIIT)
India,Kannada University
India,Kannur University
India,Kanpur University
India,Karnataka State Law University
India,Karnataka State Open University
India,Karnatak University
India,Karpagam University
India,Karunya Institute Of Technology ( Deemed University)
India,Kerala Agricultural University
India,Kerala University of Fisheries and Ocean Sciences
India,Kohinoor School of Hospitality Management
India,Konkan Agricultural University
India,Krishna University
India,Kumaun University
India,Kurukshetra University
India,Kuvempu University
India,Lakshmibai National Institute of Physical Education
India,Lalit Narayan Mithila University
India, L.D.College of Engineering
India,Madhya Pradesh Bhoj (Open) University
India,Madurai Kamaraj University
India,Magadh University
India,Maharaja Ganga Singh University, Bikaner
India,Maharaja Sayajirao University of Baroda
India,Maharishi Dayanand University, Rohtak (Haryana )
India,Maharshi Dayanand Sarswati University Ajmer
India,Mahatma Gandhi Chitrakut Gramoday University
India,Mahatma Gandhi Kashi Vidyapith 
India,Mahatma Gandhi University, Kerala
India,Mahatma Gandhi University Meghalaya 
India,Mahatma Jyotiba Phule Rohilkhand University Bareilly 
India,Mahatma Phule Agricultural University
India,Makanlal Chutur Vedi University
India,Makhanlal Chaturvedi National University of Journalism and Communication
India,Mangalore University
India,Manipal University
India,Manipur University
India,Manonmaniam Sundaranar University
India,Mar Athanasios College for Advanced Studies
India,Marathwada Agricultural University
India,Mohan Lal Sukhadia University
India,Mother Teresa Women's University
India,Motilal Nehru National Institute Of Technology
India,Moulana Azad national Urdu University
India,Nagaland University
India,Nagpur University
India,Nalanda Open University
India,Narendra Deva University of Agriculture and Technology
India,Narsee Monjee Institute of Management Studies
India,National Dairy Research Institute
India,National Institute of Industrial Engineering
India,National Institute of Mental Health and Neuro Sciences
India,National Institute of Technology, Calicut
India,National Institute of Technology, Durgapur
India,National Institute of Technology, Jamshedpur
India,National Institute of Technology Kurukshetra
India,National Institute of Technology, Rourkela
India,National Institute of Technology, Trichy
India,National Institute of Technology, Warangal
India,National Law School of India University
India,National Museum Institute of History of Art, Conservation and Museology
India,National Sanskrit University
India,Netaji Subhas Inst of Technology
India,Nirma University
India,Nizam's Institute of Medical Sciences
India,North Bengal University
India,North Eastern Hill University
India,North Maharashtra University
India,Open International University for Alternative Medicines
India,Orissa University of Agriculture and Technology
India,Osmania University
India,Pandit Ravi Shankar Shukla University
India,Panjab University
India,Patna University
India,Periyar University
India,Pes University
India,Pondicherry University
India,Postgraduate lnstitute of Medical Education and Research
India,Potti Sreeramulu Telugu University
India,PSG College of Technology
India,Punjab Agricultural University
India,Punjab Engineering College Deemed University
India,Punjabi University Patiala
India,Punjab Technical University
India,Rabindra Bharati University
India,Rajasthan Agricultural University, Bikaner
India,Rajasthan Technical University
India,Rajasthan Vidyapeeth University
India,Rajendra Agricultural University
India,Rajitlal Institute of Technology & Health Sciences (RITHS)
India,Rajiv Gandhi Technical University (University of Technology of Madhya Pradesh)
India,Rajiv Gandhi University
India,Ranchi University
India,Rani Durgavati University
India,RKDF University
India,Sambalpur University
India,Sampurnanand Sanskrit University
India,Sanjay Gandhi Postgraduate lnstitute of Medical Sciences
India,Sardarkrushinagar Dantiwada Agricultural University
India,Sardar Patel University
India,Sardar Vallabhai Patel University of Agriculture Amd Technology
India,SASTRA Deemed University
India,Sathyabama University
India,Saurashtra University
India,School of Planning and Architecture
India,Shanmugha Arts Science Technology and Research Academy
India,Sher-E-Kashmir University of Agricultural Sciences and Technology
India,Shivaji University
India,Shobhit University, Meerut
India,Shreemati Nathibai Damodar Thackersey Women's University
India,Shridhar University
India,Shri Jagannath Sanskrit University
India,Shri Lal Bahadur Shastri Rashtriya Sanskrit Vidyapeetha
India,Shri Mata Vaishno Devi University
India,Sido Kanhu Murmu University
India,Sikha 'O' Anushandhan University
India,Sikkim Manipal University of Health, Medical and Technological Sciences
India,Singhania University Rajasthan
India,SMK Fomra Institute of Technology
India,Solapur University
India,South Asian University
India,South Gujarat University
India,Sree Chitra Tirunal Institute for Medical Sciences and Technology
India,Sree Rama Krishna Degree College
India,Sree Sankaracharya University of Sanskrit
India,Sri Chandrasekharendra Saraswathi Viswa Mahavidyalaya
India,Sri Krishnadevaraya University
India,Sri Padmavati Women's University
India,Sri Ramachardra Medical College and Research Institute
India,Sri Sant Gajanan Maharaj College of Engineering
India,Sri Sathya Sai Institute of Higher Learning
India,Sri Venkateswara Institute of Medical Sciences
India,Sri Venkateswara University
India,SRM Institute Of Science & Technology ( Deemed University)
India,Sunrise University Alwar
India,Swami Ramanand Teerth Marathwada University
India,Symbiosis International University
India,Takhatmal Shrivallabh Homoeopathic Medical College
India,Tamil Nadu Agricultural University
India,Tamil Nadu Dr. Ambedkar Law University
India,Tamil Nadu Dr. M.G.R. Medical University
India,Tamil Nadu Veterinary and Animal Sciences University
India,Tamil University
India,Tata Institute of Social Sciences
India,Telugu University
India,Tezpur University
India,Thapar Institute of Engineering and Technology
India,The New College
India,Thiagarajar College of Engineering
India,Thiruvalluvar University
India,Tilak Maharashtra Vidyapeeth
India,Tilka Manjhi Bhagalpur University
India,Tripura University
India,Tumkur University
India,University of Agricultural Sciences, Bangalore
India,University of Agricultural Sciences, Dharwad
India,University of Burdwan
India,University of Calcutta
India,University of Calicut
India,University of Delhi
India,University of Health Sciences Andhra Pradesh
India,University of Hyderabad
India,University of Jammu
India,University of Kalyani
India,University of Kashmir
India,University of Kerala
India,University of Kota
India,University of Lucknow
India,University of Madras
India,University of Media Arts
India,University of Mumbai
India,University of Music and Fine Arts
India,University of Mysore
India,University of North Bengal
India,University of Pune
India,University of Rajasthan
India,University of Roorkee
India,Utkal University
India,Uttarakhand Open University 
India,Uttarakhand Technical University
India,Uttar Pradesh Technical University
India,Vardhaman Mahaveer Open University
India,VBS Purvanchal University
India,Veer Kunwar Singh University
India,Veer Surendra Sai University of Technology
India,Vellore Institute of Technology
India,Vidyasagar University
India,Vignan University
India,Vikrama Simhapuri University
India,Vikram University
India,Vinayaka Mission's Research Foundation-Deemed University
India,Vinoba Bhave University
India,Visva-Bharati University
India,Visvesvaraya National Institute of Technology
India,Visvesvaraya Technological University
India,West Bengal University of Animal and Fishery Sciences
India,West Bengal University of Technology
India,Yashawantrao Chavan Maharashtra Open University
Iraq,Ahlulbait International University
Iraq,Al Maarif University College
Iraq,Al Mamon University College
Iraq,Al Mansour University College
Iraq,Al Muthanna University
Iraq,Al Nahrain University
Iraq,Al Rafidain University College
Iraq,Al Rasheed University College
Iraq,Alsadrain University
Iraq,Al Turath University College
Iraq,Al Yarmouk University College
Iraq,American University of Iraq, Sulaimani (Kurdistan Region)
Iraq,Baghdad College of Economic Sciences University
Iraq,Baghdad College of Pharmacy
Iraq,British Royal University
Iraq,Cihan University
Iraq,College of Science, Baghdad University
Iraq,Dijla University College
Iraq,Diyala University
Iraq,Hawler Medical University
Iraq,Iraq University College
Iraq,Ishik University
Iraq,Kerbala University
Iraq,Komar University of Science and Technology
Iraq,Koya University (Kurdistan Region)
Iraq,Madenat Alelem University College
Iraq,Misan University
Iraq,Nawroz University
Iraq,Salahddin University (Kurdistan Region)
Iraq,Soran University
Iraq,Sulaimani Polytechnic University
Iraq,Thi Qar University
Iraq,Tikrit University
Iraq,Uinversity of Babylon
Iraq,University of Al-Qadisiyah
Iraq,University of Anbar
Iraq,University of Baghdad
Iraq,University of Basrah
Iraq,University of Dohuk (Kurdistan Region)
Iraq,University of Human Development (Kurdistan Region)
Iraq,University of Kirkuk
Iraq,University of Kufa
Iraq,University of Kurdistan - Hawler
Iraq,University of Mosul
Iraq,University of Mustansiriyah
Iraq,University of Sulaimania (Kurdistan Region)
Iraq,University of Technology - Iraq
Iraq,University of Wassit
Iran (Islamic Republic of),Adiban Higher Education Institue
Iran (Islamic Republic of),Ahvaz University of Medical Sciences
Iran (Islamic Republic of),Ahwaz Jondishapour University of Medical Sciences
Iran (Islamic Republic of),Allameh Tabatabaie University
Iran (Islamic Republic of),Almustafa Open University
Iran (Islamic Republic of),Amirkabir College of Managmant & Technology
Iran (Islamic Republic of),Amirkabir University of Technology
Iran (Islamic Republic of),Arak University
Iran (Islamic Republic of),Arak University of Medical Sciences
Iran (Islamic Republic of),Arak University of Technology
Iran (Islamic Republic of),Ardabil University of Medical Sciences
Iran (Islamic Republic of),Art University
Iran (Islamic Republic of),Azzahra University
Iran (Islamic Republic of),Babol Noshirvani University of Technology
Iran (Islamic Republic of),Babol University of Medical Sciences
Iran (Islamic Republic of),Baghyatoolah Medical Sciences University
Iran (Islamic Republic of),Baha'i Institute for Higher Education
Iran (Islamic Republic of),Birjand University
Iran (Islamic Republic of),Birjand University of Medical Sciences
Iran (Islamic Republic of),Bu Ali Sina University
Iran (Islamic Republic of),Bushehr University of Medical Sciences
Iran (Islamic Republic of),Damghan University of Basic Sciences
Iran (Islamic Republic of),Daneshestan Institute of Higher Education
Iran (Islamic Republic of),Delijan Payame Noor University
Iran (Islamic Republic of),Deylaman Institute of Higher Education
Iran (Islamic Republic of),Fasa Faculty of Medical Sciences
Iran (Islamic Republic of),Ferdowsi University of Mashhad
Iran (Islamic Republic of),Golestan University of Medical Sciences
Iran (Islamic Republic of),Gonabad University of Medical Sciences
Iran (Islamic Republic of),Gorgan University of Agricultural Sciences and Natural Resources
Iran (Islamic Republic of),Guilan University
Iran (Islamic Republic of),Guilan University of Medical Sciences
Iran (Islamic Republic of),Hamadan University of Medical Sciences
Iran (Islamic Republic of),Hormozgan University of Medical Sciences
Iran (Islamic Republic of),Hyrcania Institute of Higher Education
Iran (Islamic Republic of),Ilam University
Iran (Islamic Republic of),Ilam University of Medical Sciences
Iran (Islamic Republic of),Imam Khomeini International University
Iran (Islamic Republic of),Imam Reza University
Iran (Islamic Republic of),Imam Sadiq University
Iran (Islamic Republic of),Iranian Academy of Persian Language and Literature
Iran (Islamic Republic of),Iran University of Medical Sciences
Iran (Islamic Republic of),Iran University of Science and Technology Tehran
Iran (Islamic Republic of),Isfahan University
Iran (Islamic Republic of),Isfahan University of Medical Sciences
Iran (Islamic Republic of),Isfahan University of Technology
Iran (Islamic Republic of),Islamic Azad University, Ahar
Iran (Islamic Republic of),Islamic Azad University, Aliabad 
Iran (Islamic Republic of),Islamic Azad University, Arak
Iran (Islamic Republic of),Islamic Azad University, Ardabil
Iran (Islamic Republic of),Islamic Azad University, Bandar Abbas
Iran (Islamic Republic of),Islamic Azad University, Bojnourd
Iran (Islamic Republic of),Islamic Azad University, Bostanabad
Iran (Islamic Republic of),Islamic Azad University, Boukan
Iran (Islamic Republic of),Islamic Azad University, Central Tehran Branch
Iran (Islamic Republic of),Islamic Azad University, Dehaghan
Iran (Islamic Republic of),Islamic Azad University, Falavarjan 
Iran (Islamic Republic of),Islamic Azad University, Fars Science & Research Branch
Iran (Islamic Republic of),Islamic Azad University, Garmsar
Iran (Islamic Republic of),Islamic Azad University, Gorgan
Iran (Islamic Republic of),Islamic Azad University, Hamedan
Iran (Islamic Republic of),Islamic Azad University, Janah
Iran (Islamic Republic of),Islamic Azad University, Karaj
Iran (Islamic Republic of),Islamic Azad University, Kazeron
Iran (Islamic Republic of),Islamic Azad University, Kerman
Iran (Islamic Republic of),Islamic Azad University, Khorasgan
Iran (Islamic Republic of),Islamic Azad University, Lahijan
Iran (Islamic Republic of),Islamic Azad University, Mahshar
Iran (Islamic Republic of),Islamic Azad University, Majlesi
Iran (Islamic Republic of),Islamic Azad University, Mashhad
Iran (Islamic Republic of),Islamic Azad University, Maybod
Iran (Islamic Republic of),Islamic Azad University, Mehriz
Iran (Islamic Republic of),Islamic Azad University, Mobarakeh
Iran (Islamic Republic of),Islamic Azad University, Najaf Abad
Iran (Islamic Republic of),Islamic Azad University, North Tehran
Iran (Islamic Republic of),Islamic Azad University, Parand
Iran (Islamic Republic of),Islamic Azad University, Qazvin
Iran (Islamic Republic of),Islamic Azad University, Qom
Iran (Islamic Republic of),Islamic Azad University, Quchan
Iran (Islamic Republic of),Islamic Azad University, Region One
Iran (Islamic Republic of),Islamic Azad University, Roodehen
Iran (Islamic Republic of),Islamic Azad University, Sanandaj
Iran (Islamic Republic of),Islamic Azad University, Saveh
Iran (Islamic Republic of),Islamic Azad University, Semnan
Iran (Islamic Republic of),Islamic Azad University, Shabestar
Iran (Islamic Republic of),Islamic Azad University, Shahr-e-rey Branch
Iran (Islamic Republic of),Islamic Azad University, Shahrood
Iran (Islamic Republic of),Islamic Azad University, Shahryar
Iran (Islamic Republic of),Islamic Azad University, Shiraz
Iran (Islamic Republic of),Islamic Azad University, Shirvan
Iran (Islamic Republic of),Islamic Azad University, Sowmesara
Iran (Islamic Republic of),Islamic Azad University, Tabriz
Iran (Islamic Republic of),Islamic Azad University, Tafresh
Iran (Islamic Republic of),Islamic Azad University, Tehran Medical
Iran (Islamic Republic of),Islamic Azad University, Tehran Science & Research Branch
Iran (Islamic Republic of),Islamic Azad University, Tehran South
Iran (Islamic Republic of),Islamic Azad University, Varamin
Iran (Islamic Republic of),Islamic Azad University, Yazd
Iran (Islamic Republic of),Jahrom University of Medical Sciences
Iran (Islamic Republic of),Jami Institute of Technology
Iran (Islamic Republic of),Kamalolmolk Art & Architecture Higher Education Institute of Noshahr
Iran (Islamic Republic of),Kar University
Iran (Islamic Republic of),Kashan University
Iran (Islamic Republic of),Kashan University of Medical Sciences
Iran (Islamic Republic of),Kerman Graduate University of Technology
Iran (Islamic Republic of),Kermanshah University of Medical Sciences
Iran (Islamic Republic of),Kermanshah University of Technology
Iran (Islamic Republic of),Kerman University of Medical Sciences
Iran (Islamic Republic of),Khomeinishahr Payame Noor University
Iran (Islamic Republic of),K.N.Toosi University of Technology
Iran (Islamic Republic of),Kurdistan University of Medical Sciences
Iran (Islamic Republic of),Lorestan University
Iran (Islamic Republic of),Lorestan University of Medical Sciences
Iran (Islamic Republic of),Malayer University
Iran (Islamic Republic of),Malekan Payame Nour University
Iran (Islamic Republic of),Mamasani University of Technology
Iran (Islamic Republic of),Mashhad University of Medical Sciences
Iran (Islamic Republic of),Mazandaran University of Iran
Iran (Islamic Republic of),Mazandaran University of Medical Science
Iran (Islamic Republic of),Mazandaran University of Science & Technology
Iran (Islamic Republic of),Mofid University
Iran (Islamic Republic of),Mustafa International University
Iran (Islamic Republic of),Najaf Abad University of Applied Science and Technology
Iran (Islamic Republic of),Payame Noor University
Iran (Islamic Republic of),Payame Noor University, Tafresh
Iran (Islamic Republic of),Persian Gulf University
Iran (Islamic Republic of),Petroleum University of Technology
Iran (Islamic Republic of),Power and Water Institute of Technology
Iran (Islamic Republic of),Qazvin University of Medical Sciences
Iran (Islamic Republic of),Qom University
Iran (Islamic Republic of),Qom University of Medical Sciences
Iran (Islamic Republic of),Qom University of Technology
Iran (Islamic Republic of),Rafsanjan University of Medical Sciences
Iran (Islamic Republic of),Raghebe Esfahani University
Iran (Islamic Republic of),Razi University
Iran (Islamic Republic of),Sabzevar School of Medical Sciences
Iran (Islamic Republic of),Sabzevar Teacher Training University
Iran (Islamic Republic of),Sadjad Institute of Technology
Iran (Islamic Republic of),Sadra University
Iran (Islamic Republic of),Sahand University of Technology
Iran (Islamic Republic of),School of Economic Sciences
Iran (Islamic Republic of),Semnan University
Iran (Islamic Republic of),Semnan University of Medical Sciences
Iran (Islamic Republic of),Shahed University
Iran (Islamic Republic of),Shaheed Beheshti University
Iran (Islamic Republic of),Shaheed Beheshti University of Medical Sciences
Iran (Islamic Republic of),Shaheed Chamran University
Iran (Islamic Republic of),Shaheed Rajaei Teacher Training University
Iran (Islamic Republic of),Shahid Bahonar University of Kerman
Iran (Islamic Republic of),Shahrekord University
Iran (Islamic Republic of),Shahrekord University of Medical Sciences
Iran (Islamic Republic of),Shahrood University of Medical Sciences
Iran (Islamic Republic of),Shahrood University of Technology
Iran (Islamic Republic of),Sharif University of Technology
Iran (Islamic Republic of),Sharif University of Technology, Kish Campus
Iran (Islamic Republic of),Sheikhbahaee University
Iran (Islamic Republic of),Shiraz Payamnoor University
Iran (Islamic Republic of),Shiraz University
Iran (Islamic Republic of),Shiraz University of Medical Sciences
Iran (Islamic Republic of),Shiraz University of Technology
Iran (Islamic Republic of),Shomal University
Iran (Islamic Republic of),Sistan & Balouchestan University
Iran (Islamic Republic of),Tabari Institute of Higher Education
Iran (Islamic Republic of),Tabriz College of Technology
Iran (Islamic Republic of),Tabriz Islamic Art University
Iran (Islamic Republic of),Tabriz University
Iran (Islamic Republic of),Tabriz University of Medical Sciences
Iran (Islamic Republic of),Takestan Islamic Azad University
Iran (Islamic Republic of),Tarbiat Modares University
Iran (Islamic Republic of),Tehran University of Medical Sciences
Iran (Islamic Republic of),Tehran University of Teacher Training
Iran (Islamic Republic of),The BahÌ°'Ì≠ Institute For Higher Education (BIHE)
Iran (Islamic Republic of),Torbat Heydarieh University of Medical Sciences
Iran (Islamic Republic of),University College of Nabi Akram
Iran (Islamic Republic of),University of Applied Science and Technology
Iran (Islamic Republic of),University of Hormozgan
Iran (Islamic Republic of),University of Kurdistan
Iran (Islamic Republic of),University of Lavasanat Pnu
Iran (Islamic Republic of),University of Mashhad Pnu
Iran (Islamic Republic of),University of Mohaghegh
Iran (Islamic Republic of),University of Science and Culture
Iran (Islamic Republic of),University of Social Welfare and Rehabilitation Scinences
Iran (Islamic Republic of),University of Tehran
Iran (Islamic Republic of),Urmia University
Iran (Islamic Republic of),Urmia University of Medical Sciences
Iran (Islamic Republic of),Urmia University of Technology
Iran (Islamic Republic of),Vali-e-Asr University
Iran (Islamic Republic of),Yasuj University
Iran (Islamic Republic of),Yasuj University of Medical Sciences
Iran (Islamic Republic of),Yazd Medical University
Iran (Islamic Republic of),Yazd University
Iran (Islamic Republic of),Zabol University
Iran (Islamic Republic of),Zahedan University of Medical Sciences
Iran (Islamic Republic of),Zanjan Institute for Advanced Studies in Basic Sciences
Iran (Islamic Republic of),Zanjan University
Iran (Islamic Republic of),Zanjan University of Medical Sciences
Iceland,Bifrost School of Business
Iceland,Holar University College
Iceland,Hvanneyri Agricultural University
Iceland,Iceland Academy of the Arts
Iceland,Iceland University of Education
Iceland,ReykjavÌ≠k University
Iceland,Technological University of Iceland
Iceland,University Centre of the Westfjords
Iceland,University of Akureyri
Iceland,University of Iceland
Italy,Abdus Salam international centre for theoretical physics
Italy,Basilicata University Potenza
Italy,Campus Bio-Medico University of Rome
Italy,Catholic University of the Sacred Heart
Italy,Dutch University Institute for Art History (DUIA)
Italy,European School of Economics
Italy,European University Institute
Italy,Fondazione Sacro Cuore
Italy,Free International University of Social Studies
Italy,Free University Institute Carlo Cattaneo
Italy,Free University Maria Santissima Assunta
Italy,Free University of Bozen
Italy,Higher School of University and Advanced Studies Pisa
Italy,Institute for Advanced Studies Lucca
Italy,International Higher School for Advanced Studies Trieste
Italy,Istituto Universitario di Studi Superiori
Italy,John Cabot University
Italy,Johns Hopkins University, SAIS Bologna Center
Italy,Link Campus University of Malta
Italy,NABA - Nuova Accademia di Belle Arti, Milan
Italy,Polytechnic Institute of Bari
Italy,Polytechnic Institute of Milan
Italy,Polytechnic Institute of Turin
Italy,Pontifica UniversitÌ† Gregoriana
Italy,Pontificia UniversitÌ† della Santa Croce
Italy,Pontificia UniversitÌ† Lateranense
Italy,Pontificia UniversitÌ† S. Tommaso
Italy,Pontificio Ateneo Antonianum
Italy,Pontificio Istituto Orientale
Italy,School of Education Pisa
Italy,Second University of Naples
Italy,Third University of Rome
Italy,UniversitÌ† Bocconi
Italy,UniversitÌ† Pontificia Salesiana
Italy,University Institute of Architecture Venice
Italy,University Institute of Modern Languages
Italy,University Institute of Naval Studies
Italy,University Institute of Oriental Studies
Italy,University Institute of Teacher Training Suor Orsola Benincasa
Italy,University of Ancona
Italy,University of Aquila
Italy,University of Bari
Italy,University of Bergamo
Italy,University of Bologna
Italy,University of Brescia
Italy,University of Cagliari
Italy,University of Calabria
Italy,University of Camerino
Italy,University of Cassino
Italy,University of Catania
Italy,University of Chieti
Italy,University of Commerce Luigi Bocconi
Italy,University of Ferrara
Italy,University of Florence
Italy,University of Foggia
Italy,University of Gastronomic Sciences
Italy,University of Genoa
Italy,University of Insubria
Italy,University of Italian Studies for Foreigners of Perugia
Italy,University of Italian Studies for Foreigners of Siena
Italy,University of Lecce
Italy,University of Macerata
Italy,University of Messina
Italy,University of Milan
Italy,University of Milan - Bicocca
Italy,University of Modena
Italy,University of Molise
Italy,University of Naples Federico II
Italy,University of Padua
Italy,University of Palermo
Italy,University of Parma
Italy,University of Pavia
Italy,University of Perugia
Italy,University of Pisa
Italy,University of Reggio Calabria
Italy,University of Roma La Sapienza
Italy,University of Roma Tor Vergata
Italy,University of Salerno
Italy,University of Sannio
Italy,University of Sassari
Italy,University of Siena
Italy,University of Teramo
Italy,University of Trento
Italy,University of Trieste
Italy,University of Turin
Italy,University of Udine
Italy,University of Urbino
Italy,University of Venice
Italy,University of Verona
Italy,Viterbo State University
Italy,Yorker International University, Milano
Jamaica,Northern Caribbean University
Jamaica,University of Technology Jamaica
Jamaica,University of the West Indies, Mona
Jordan,Al-Ahliyya Amman University
Jordan,Al al-Bayt University
Jordan,Al-Balqa Applied University
Jordan,Al Hussein Bin Talal University
Jordan,Al-Isra University
Jordan,Al-Zaytoonah University
Jordan,Amman Arab University for Higher Studies
Jordan,Amman University
Jordan,Applied Science University
Jordan,Arab Academy for Banking and Financial Sciences
Jordan,Arab Open University
Jordan,Balqa Applied University
Jordan,German Jordanian University
Jordan,Hashemite University
Jordan,Irbid National University
Jordan,Jadara University
Jordan,Jerash Private University
Jordan,Jordan Academy of Music / Higher Institute of Music
Jordan,Jordan University of Science and Technology
Jordan,Middle East University
Jordan,Mu' tah University
Jordan,New York Institute of Technology
Jordan,Philadelphia University
Jordan,Princess Sumaya University for Technology
Jordan,Tafila Technical University 
Jordan,The World Islamic Sciences & Education University
Jordan,University of Jordan
Jordan,University of Petra
Jordan,Yarmouk University
Jordan,Zarka Private University
Japan,Aichi Bunkyo University
Japan,Aichi Gakuin University
Japan,Aichi Gakusen University
Japan,Aichi Institute of Technology
Japan,Aichi Medical University
Japan,Aichi Prefectural University
Japan,Aichi Prefectural University of Fine Arts & Music
Japan,Aichi Sangyo University
Japan,Aichi Shukutoku University
Japan,Aichi University
Japan,Aichi University of Education
Japan,Aikoku Gakuen University
Japan,Akita University
Japan,Akita University of Economics and Law
Japan,American University Extension, Okinawa
Japan,Aomori Chuoh Gakuin University
Japan,Aomori Public College
Japan,Aomori University
Japan,Aomori University of Health and Welfare
Japan,Aoyama Gakuin University
Japan,Asahikawa Medical College
Japan,Asahikawa University
Japan,Asahi University
Japan,Ashikaga Institute of Technology
Japan,Ashiya University
Japan,Asia University
Japan,Atomi College
Japan,Azabu University
Japan,Baika Women's College
Japan,Baiko Women's College
Japan,Beppu University
Japan,Bukkyo University
Japan,Bunka Women's University
Japan,Bunkyo University
Japan,Chiba Institute of Technology
Japan,Chiba Keizai University
Japan,Chiba University
Japan,Chiba University of Commerce
Japan,Chikushi Jogakuen University
Japan,Chubu Gakuin University & Chubu Women's College
Japan,Chubu University
Japan,Chukyo Gakuin University
Japan,Chukyo University
Japan,Chukyo Women's University
Japan,Chuo Gakuin University
Japan,Chuo University
Japan,Daido Institute of Technology
Japan,Daiichi College of Pharmaceutical Sciences
Japan,Dai Ichi University, College of Technology
Japan,Daiichi University of Economics
Japan,Daito Bunka University
Japan,Doho University
Japan,Dohto University
Japan,Dokkyo University
Japan,Dokkyo University School of Medicine
Japan,Doshisha University
Japan,Doshisha Women's College of Liberal Arts
Japan,Edogawa University
Japan,Ehime University
Japan,Eichi University
Japan,Elisabeth University of Music
Japan,Ferris University
Japan,Fujita Health University
Japan,Fuji University
Japan,Fuji Women's College
Japan,Fukui Medical School
Japan,Fukui Prefectural University
Japan,Fukui University
Japan,Fukui University of Technology
Japan,Fukuoka Dental College
Japan,Fukuoka Institute of Technology
Japan,Fukuoka International University
Japan,Fukuoka Prefectural University
Japan,Fukuoka University
Japan,Fukuoka University of Education
Japan,Fukuoka Women's University
Japan,Fukushima Medical College
Japan,Fukushima University
Japan,Fukuyama Heisei University
Japan,Fukuyama University
Japan,Gakushuin University
Japan,Gifu Keizai University
Japan,Gifu Pharmaceutical University
Japan,Gifu Shotoku Gakuen University
Japan,Gifu University
Japan,Gifu University for Education and Languages
Japan,Gifu Women's University
Japan,Graduate University for Advanced Studies
Japan,Gunma Prefectural Women's University
Japan,Gunma University
Japan,Hachinohe Institute of Technology
Japan,Hachinohe University
Japan,Hakodate University
Japan,Hakuoh University
Japan,Hamamatsu University
Japan,Hamamatsu University School of Medicine
Japan,Hanazono University
Japan,Hannan University
Japan,Heisei International University
Japan,Higashi Nippon International University
Japan,Hijiyama University
Japan,Himeji Dokkyo University
Japan,Himeji Institute of Technology
Japan,Hirosaki Gakuin University
Japan,Hirosaki University
Japan,Hiroshima Bunkyo Women's University
Japan,Hiroshima City University
Japan,Hiroshima Institute of Technology
Japan,Hiroshima International University
Japan,Hiroshima Jogakuin University
Japan,Hiroshima Kokusai Gakuin University
Japan,Hiroshima Prefectural University
Japan,Hiroshima Shudo University
Japan,Hiroshima University
Japan,Hiroshima University of Economics
Japan,Hiroshima Women's University
Japan,Hitotsubashi University
Japan,Hokkaido Information University
Japan,Hokkaido Institute of Pharmaceutical Sciences
Japan,Hokkaido Institute of Technology
Japan,Hokkaido Tokai University
Japan,Hokkaido University
Japan,Hokkaido University of Education
Japan,Hokkaido University of Health Sciences
Japan,Hokkaigakuen University
Japan,Hokkaigakuen University of Kitami
Japan,Hokuriku University
Japan,Hokusei Gakuen University
Japan,Hosei University
Japan,Hoshi University
Japan,Hyogo College of Medicine
Japan,Hyogo University
Japan,Hyogo University of Education
Japan,Ibaraki Christian College
Japan,Ibaraki Prefectural University of Health Sciences
Japan,Ibaraki University
Japan,International Buddhist University
Japan,International Budo University
Japan,International Christian University
Japan,International University of Health and Welfare
Japan,International University of Japan
Japan,International University of Kagoshima
Japan,Ishinomaki Senshu University
Japan,Iwaki Meisei University
Japan,Iwate Medical University
Japan,Iwate Prefectural University
Japan,Iwate University
Japan,Japan Advanced Institute of Science and Technology
Japan,Japan College of Social Work
Japan,Japanese Red Cross College of Nursing
Japan,Japan Women's University
Japan,Jichi Medical School
Japan,Jikei University School of Medicine
Japan,Jissen Women's University
Japan,Jobu University
Japan,Joetsu University of Education
Japan,Josai International University
Japan,Josai University
Japan,Juntendo University
Japan,Kagawa Institute of Nutrition
Japan,Kagawa Medical School
Japan,Kagawa University
Japan,Kagoshima Immaculate Heart University
Japan,Kagoshima University
Japan,Kagoshima Women's College
Japan,Kamakura Women's College
Japan,Kanagawa Dental College
Japan,Kanagawa Institute of Technology
Japan,Kanagawa University
Japan,Kanazawa College of Art
Japan,Kanazawa College of Economics
Japan,Kanazawa Gakuin University
Japan,Kanazawa Institute of Technology
Japan,Kanazawa Medical University
Japan,Kanazawa University
Japan,Kanda University of International Studies
Japan,Kansai Gaidai University
Japan,Kansai Medical University
Japan,Kansai University
Japan,Kansai University of International Studies
Japan,Kansai University of Social Welfare
Japan,Kanto Gakuen University
Japan,Kanto Gakuin University
Japan,Kawamura Gakuen Woman's University
Japan,Kawasaki Medical School
Japan,Kawasaki University of Medical Care
Japan,Keiai University
Japan,Keio University
Japan,Keisen Jogaku-en College
Japan,Keiwa College
Japan,Kibi International University
Japan,Kinjo Gakuin University
Japan,Kinki University
Japan,Kitakyushu University
Japan,Kitami Institute of Technology
Japan,Kitasato University
Japan,Kobe City University of ForeignStudies
Japan,Kobe Design University
Japan,Kobe Gakuin University
Japan,Kobe International University
Japan,Kobe Jogakuin University
Japan,Kobe Pharmaceutical University
Japan,Kobe Shinwa Women's University
Japan,Kobe Shoin Women's University
Japan,Kobe University
Japan,Kobe University of Mercantile Marine
Japan,Kobe Women's University
Japan,Kochi Medical School
Japan,Kochi University
Japan,Kochi University of Technology
Japan,Kochi Women's University
Japan,Kogakkan University
Japan,Kogakuin University
Japan,Koka Women's College
Japan,Kokugakuin University
Japan,Kokushikan University
Japan,Komazawa University
Japan,Konan University
Japan,Konan Women's University
Japan,Korea University
Japan,Koriyama Women's University and College
Japan,Koshien University
Japan,Koyasan University
Japan,Kumamoto Gakuen University
Japan,Kumamoto Institute of Technology
Japan,Kumamoto Prefectural University
Japan,Kumamoto University
Japan,Kunitachi College of Music
Japan,Kurashiki Sakuyo University
Japan,Kurashiki University of Science and the Arts
Japan,Kure University
Japan,Kurume Institute of Technology
Japan,Kurume University
Japan,Kushiro Public University of Economics
Japan,Kwansei Gakuin University
Japan,Kwassui Women's College
Japan,Kyorin University
Japan,Kyoritsu Pharmaceutical University
Japan,Kyoritsu Woman's University
Japan,Kyoto Bunkyo University
Japan,Kyoto City University of Arts
Japan,Kyoto Gakuen University
Japan,Kyoto Institute of Technology
Japan,Kyoto Pharmaceutical University
Japan,Kyoto Prefectural University
Japan,Kyoto Prefectural University of Medicine
Japan,Kyoto Sangyo University
Japan,Kyoto Seika University
Japan,Kyoto Tachibana Women's University
Japan,Kyoto University
Japan,Kyoto University of Art and Design
Japan,Kyoto University of Education
Japan,Kyoto University of Foreign Studies
Japan,Kyoto Women's University
Japan,Kyushu Dental College
Japan,Kyushu Institute of Design
Japan,Kyushu Institute of Technology
Japan,Kyushu International University
Japan,Kyushu Kyoritsu University
Japan,Kyushu Sangyo University
Japan,Kyushu Tokai University
Japan,Kyushu University
Japan,Kyushu University of Nursing and SocialWelfare
Japan,Kyushu Women's University
Japan,Matsumoto Dental University
Japan,Matsusaka University
Japan,Matsuyama University
Japan,Meiji College of Pharmacy
Japan,Meiji Gakuin University
Japan,Meiji University
Japan,Meiji University of Oriental Medicine
Japan,Meijo University
Japan,Meikai University
Japan,Meio University
Japan,Meisei University
Japan,Mejiro University
Japan,Mie University
Japan,Mimasaka Women's College
Japan,Minamikyushu University
Japan,Miyagi Gakuin Women's College
Japan,Miyagi University
Japan,Miyagi University of Education
Japan,Miyazaki Medical College
Japan,Miyazaki Municipal University
Japan,Miyazaki Prefectural Nursing University
Japan,Miyazaki University
Japan,Morioka College
Japan,Mukogawa Women's University
Japan,Muroran Institute of Technology
Japan,Musashi Institute of Technology
Japan,Musashino Academy of Music
Japan,Musashino Art University
Japan,Musashino Women's University
Japan,Musashi University
Japan,Nagano University
Japan,Nagaoka University of Technology
Japan,Nagasaki Institute of Applied Science
Japan,Nagasaki Prefectural University
Japan,Nagasaki University
Japan,Nagoya City University
Japan,Nagoya College of Music
Japan,Nagoya Economics University
Japan,Nagoya Gakuin University
Japan,Nagoya Institute of Technology
Japan,Nagoya University
Japan,Nagoya University of Arts
Japan,Nagoya University of Commerce and Business Administration
Japan,Nagoya University of Foreign Studies
Japan,Nagoya Women's University
Japan,Nakamura Gakuen University
Japan,Nanzan University
Japan,Nara Medical University
Japan,Nara Sangyo University
Japan,Nara University
Japan,Nara University of Commerce
Japan,Nara University of Education
Japan,Nara Women's University
Japan,Naruto University of Education
Japan,National Defence Medical College
Japan,National Fisheries University
Japan,National Institute of Fitness and Sports Kanoya
Japan,Nihon Fukushi University
Japan,Nihon University
Japan,Niigata College of Pharmacy
Japan,Niigata Sangyo University
Japan,Niigata University
Japan,Niigata University of International and Information Studies
Japan,Niigata University of Management
Japan,Nippon Bunri University
Japan,Nippon Dental University
Japan,Nippon Institute of Technology
Japan,Nippon Medical School
Japan,Nippon Sport Science University
Japan,Nippon Veterinary and Animalscience University
Japan,Nishikyushu University
Japan,Nishinippon Institute of Technology
Japan,Nisho Gakusha University
Japan,Nortre Dame Seishin University
Japan,Notre Dame Women's College
Japan,Obihiro University of Agriculture and Veterinary Medicine
Japan,Obirin University
Japan,Ochanomizu Women's University
Japan,Ohka Gakuen University
Japan,Ohtani Women's University
Japan,Ohu University
Japan,Oita Medical University
Japan,Oita University
Japan,Oita University of Nursing and Health Sciences
Japan,Okayama Prefectural University
Japan,Okayama Shoka University
Japan,Okayama University
Japan,Okayama University of Science
Japan,Okinawa International University
Japan,Okinawa Prefectural University of Fine Arts
Japan,Okinawa University
Japan,Osaka City University
Japan,Osaka College of Music
Japan,Osaka Dental University
Japan,Osaka Electro-Communication University
Japan,Osaka Gakuin University
Japan,Osaka Institute of Technology
Japan,Osaka International University
Japan,Osaka International University for Women
Japan,Osaka Medical College
Japan,Osaka Prefectural University
Japan,Osaka Sangyo University
Japan,Osaka Shoin Women's College
Japan,Osaka University
Japan,Osaka University of Arts
Japan,Osaka University of Commerce
Japan,Osaka University of Economics
Japan,Osaka University of Economics & Law
Japan,Osaka University of Education
Japan,Osaka University of Foreign Studies
Japan,Osaka University of Health and Sport Sciences
Japan,Osaka University of Pharmaceutical Sciences
Japan,Osaka Women's University
Japan,Otani University
Japan,Otaru University of Commerce
Japan,Otemae University
Japan,Otemon Gakuin University
Japan,Otsuma Women's University
Japan,Polytechnic University
Japan,Poole Gakuin University
Japan,Rakuno Gakuen University
Japan,Reitaku University
Japan,Rikkyo University (St. Paul's University)
Japan,Rissho University
Japan,Ritsumeikan Asia Pacific University
Japan,Ritsumeikan University
Japan,Ryukoku University
Japan,Ryutsu Keizai University
Japan,Saga Medical School
Japan,Sagami Women's University
Japan,Saga University
Japan,Saitama Institute of Technology
Japan,Saitama Medical School
Japan,Saitama Prefectural University
Japan,Saitama University
Japan,Sakushin Gakuin University
Japan,Sankei University
Japan,Sanno University
Japan,Sanyo Gakuen University
Japan,Sapporo Gakuin University
Japan,Sapporo International University
Japan,Sapporo Medical University
Japan,Sapporo University
Japan,Science University of Tokyo
Japan,Science University of Tokyo in Yamaguchi
Japan,Seian University of Art & Design
Japan,Seigakuin University
Japan,Seijo University
Japan,Seikei University
Japan,Seinan Gakuin University
Japan,Seisen University
Japan,Seiwa College
Japan,Sendai University
Japan,Senshu University
Japan,Senzoku Gakuen College
Japan,Setsunan University
Japan,Shibaura Institute of Technology
Japan,Shiga University
Japan,Shiga University of Medical Science
Japan,Shikoku Christian College
Japan,Shikoku University
Japan,Shimane University
Japan,Shimane University, Faculty of Medicine
Japan,Shimonoseki City University
Japan,Shinshu University
Japan,Shirayuri Women's College
Japan,Shizuoka Prefectural University
Japan,Shizuoka Sangyo University
Japan,Shizuoka University
Japan,Shokei College
Japan,Shonan Institute of Technology
Japan,Showa College of Pharmaceutical Sciences
Japan,Showa University
Japan,Showa Women's University
Japan,Shuchiin College
Japan,Shujitsu Women's University
Japan,Shukutoku University
Japan,Shumei University
Japan,Siebold University of Nagasaki
Japan,Soai University
Japan,Soka University
Japan,Sonoda Women's University
Japan,Sophia University
Japan,St. Andrew's University
Japan,St. Luke' s College of Nursing
Japan,St. Marianna University School of Medicine
Japan,Sugino Women's College
Japan,Sugiyama Jogakuen University
Japan,Surugadai University
Japan,Suzuka International University
Japan,Suzuka University of Medical Science
Japan,Taisho University
Japan,Takachiho University
Japan,Takamatsu University
Japan,Takarazuka University of Art and Design
Japan,Takasaki City University of Economics
Japan,Takushoku University
Japan,Tama Art University
Japan,Tamagawa University
Japan,Tama Institute of Management and Information Sciences
Japan,Teikyo Heisei University
Japan,Teikyo University of Science and Technology
Japan,Temple University Japan
Japan,Tenri University
Japan,Tezukayama Gakuin University
Japan,Tezukayama University
Japan,Toho College of Music
Japan,Toho Gakuen School of Music
Japan,Tohoku Bunka Gakuen University
Japan,Tohoku College of Pharmacy
Japan,Tohoku Fukushi University
Japan,Tohoku Gakuin University
Japan,Tohoku Institute of Technology
Japan,Tohoku University
Japan,Tohoku University of Art and Design
Japan,Tohoku Women's College
Japan,Toho University
Japan,Tohwa University
Japan,Toin University of Yokohama
Japan,Tokai Gakuen University
Japan,Tokai University
Japan,Tokai University Educational System
Japan,Tokai Women's College
Japan,Tokiwa University
Japan,Tokoha Gakuen University
Japan,Tokushima Bunri University
Japan,Tokushima University
Japan,Tokuyama University
Japan,Tokyo College of Music
Japan,Tokyo Denki University
Japan,Tokyo Dental College
Japan,Tokyo Engineering University
Japan,Tokyo Gakugei University
Japan,Tokyo Institute of Polytechnics
Japan,Tokyo Institute of Technology
Japan,Tokyo International University
Japan,Tokyo Kasei University
Japan,Tokyo Keizai University
Japan,Tokyo Medical and Dental University
Japan,Tokyo Medical College
Japan,Tokyo Metropolitan Institute of Technology
Japan,Tokyo Metropolitan University
Japan,Tokyo Metropolitan University of Health Sciences
Japan,Tokyo National University of Fine Arts and Music
Japan,Tokyo University
Japan,Tokyo University of Agriculture
Japan,Tokyo University of Agriculture and Technology
Japan,Tokyo University of Art and Design
Japan,Tokyo University of Fisheries
Japan,Tokyo University of Foreign Studies
Japan,Tokyo University of Information Sciences
Japan,Tokyo University of Mercantile Marine
Japan,Tokyo University of Pharmacy and Life Science
Japan,Tokyo Woman's Christian University
Japan,Tokyo Women's College of Physical Education
Japan,Tokyo Women's Medial College
Japan,Tomakomai Komazawa University
Japan,Tottori University
Japan,Tottori University of Environmental Studies
Japan,Toyama Medical and Pharmaceutical University
Japan,Toyama Prefectural University
Japan,Toyama University
Japan,Toyama University of International Studies
Japan,Toyo Eiwa Women's University
Japan,Toyo Gakuen University
Japan,Toyohashi University of Technology
Japan,Toyota Technological Institute
Japan,Toyo University
Japan,Tsuda College
Japan,Tsukuba University
Japan,Tsurumi University
Japan,Tsuru University
Japan,Ueno Gakuen College
Japan,United Nations University
Japan,University of Aizu
Japan,University of Bunkyo
Japan,University of East Asia
Japan,University of Electro-Communications
Japan,University of Marketing and Distribution Sciences
Japan,University of Occupational and Environmental Health, Japan
Japan,University of Shiga Prefecture
Japan,University of the Air
Japan,University of the Ryukyus
Japan,University of the Sacred Heart Tokyo
Japan,Utsunomiya University
Japan,Wakayama Medical College
Japan,Wakayama University
Japan,Wakkanai Hokusei Gakuen University
Japan,Wako University
Japan,Waseda University
Japan,Wayo Women's University
Japan,Women's College of Fine Arts
Japan,Yamagata University
Japan,Yamaguchi Prefectural University
Japan,Yamaguchi University
Japan,Yamanashi Gakuin University
Japan,Yamanashi Medical University
Japan,Yamanashi University
Japan,Yasuda Women's University
Japan,Yokkaichi University
Japan,Yokohama City University
Japan,Yokohama College of Commerce
Japan,Yokohama National University
Kenya,Adventist University of Africa
Kenya,Africa International University
Kenya,Africa Nazarene University
Kenya,Aga Khan University
Kenya,Catholic University of Eastern Africa
Kenya,Chuka University
Kenya,Daystar University
Kenya, Dedan Kimathi University of Technology
Kenya,Egerton University
Kenya,Great Lakes University of Kisumu
Kenya,Gretsa Universtiy
Kenya,Inoorero University
Kenya,Jaramogi Oginga Odinga University of Science and Technology
Kenya,Jomo Kenyatta University of Agriculture and Technology
Kenya,Kabarak University
Kenya,Karatina University
Kenya,Kenya College of Accountancy
Kenya,Kenya Medical Training College
Kenya,Kenya Methodist University
Kenya,Kenyatta University
Kenya,Kiriri Womens University of Science and Technology
Kenya,Kisii University
Kenya,Laikipia University
Kenya,Maasai Mara University
Kenya,Maseno University
Kenya,Masinde Muliro University of Science and Technology
Kenya,Meru University of Science and Technology
Kenya,Moi University
Kenya,Mount Kenya University
Kenya,Multimedia University of Kenya
Kenya,Nairobi Institute of Business Studies 
Kenya,Nairobi Technical Training Institute 
Kenya,Pan Africa Christian University
Kenya,Pioneer International University
Kenya,Presbyterian University of East Africa
Kenya,Pwani University
Kenya,Riara University School of Business and Law
Kenya,Scott Christian University
Kenya,South Eastern Kenya University
Kenya,St. Pauls University
Kenya,Strathmore University
Kenya,Technical University of Kenya
Kenya,Technical University of Mombasa
Kenya,United States International University
Kenya,University of Eastern Africa, Baraton
Kenya,University of Eldoret
Kenya,University of Kabianga
Kenya,University of Nairobi
Kenya,Uzima University College 
Kenya,Zetech College
Kyrgyzstan,American University of Central Asia
Kyrgyzstan,Asian Medical Institute
Kyrgyzstan,Bishkek Humanities University
Kyrgyzstan,International Ataturk Alatoo University
Kyrgyzstan,International University of Kyrgyzstan
Kyrgyzstan,Jalalabad State University Kyrgyzstan
Kyrgyzstan,Kyrgyz National Agrarian University
Kyrgyzstan,Kyrgyz National University
Kyrgyzstan,Kyrgyz Russian Slavic University
Kyrgyzstan,Kyrgyz State Technical University
Kyrgyzstan,Kyrgyz State University of Construction, Transportation and Architecture
Kyrgyzstan,Kyrgyz Turkish  Manas University
Kyrgyzstan,Medical Faculty, Osh State University
Cambodia,Angkor University
Cambodia,Asia Europe University
Cambodia,Build Bright University
Cambodia,Cambodian Mekong University
Cambodia,Cambodia University of Specialties
Cambodia,Chamreun University of Poly Technology
Cambodia,International University
Cambodia,National Institute of Education
Cambodia,National University of Management
Cambodia,Norton University
Cambodia,Pannnasatra University of Cambodia
Cambodia,Royal University of Agriculture
Cambodia,Royal University of Fine Arts
Cambodia,Royal University of Law and Economics
Cambodia,Royal University of Phnom Penh
Cambodia,Svey Reong University
Cambodia,University of Cambodia
Cambodia,University of Health and Science
Cambodia,University of Technology Phnom Penh
Cambodia,Western University
Cambodia,Zaman University
Saint Kitts and Nevis,International University for Graduate Studies
Saint Kitts and Nevis,Ross University Caribbean School of Veterinary Medicine
Saint Kitts and Nevis,St Theresa's Medical University
Saint Kitts and Nevis,University of Silvaner
Saint Kitts and Nevis,Windsor University School of Medicine
Korea (the Democratic People's Republic of),Pyongyang University of Science and Technology
Korea (the Republic of),Ajou University
Korea (the Republic of),Andong National University
Korea (the Republic of),Catholic University of Korea
Korea (the Republic of),Catholic University of Pusan
Korea (the Republic of),Catholic University of Taegu-Hyosung
Korea (the Republic of),Changwon National University
Korea (the Republic of),Cheju National University
Korea (the Republic of),Cheju National University of Education
Korea (the Republic of),Chinju National University
Korea (the Republic of),Chinju National University of Education
Korea (the Republic of),Chodang University
Korea (the Republic of),Chonbuk National University
Korea (the Republic of),Chonbuk Sanup University of Technology (Howon University)
Korea (the Republic of),Chongju National University of Education
Korea (the Republic of),Chongju University
Korea (the Republic of),Chonju National University of Education
Korea (the Republic of),Chonnam National University
Korea (the Republic of),Chosun University
Korea (the Republic of),Chunchon National University of Education
Korea (the Republic of),Chung-Ang University
Korea (the Republic of),Chungbuk National University
Korea (the Republic of),Chung-Ju National University
Korea (the Republic of),Chungnam National University
Korea (the Republic of),Daebul University
Korea (the Republic of),Dankook University
Korea (the Republic of),Dong-A University
Korea (the Republic of),Dongduk Women's University
Korea (the Republic of),Dong Eui University
Korea (the Republic of),Dongguk University
Korea (the Republic of),Dongseo University
Korea (the Republic of),Dongshin University
Korea (the Republic of),Dong Yang University of Technology
Korea (the Republic of),Duksung Women's University
Korea (the Republic of),Ewha Women's University
Korea (the Republic of),Gwangju Catholic College
Korea (the Republic of),Gyeongju University
Korea (the Republic of),Gyeongsang National University
Korea (the Republic of),Halla University
Korea (the Republic of),Hallym University
Korea (the Republic of),Hankuk Aviation University
Korea (the Republic of),Hankuk University of Foreign Studies
Korea (the Republic of),Hankyong National University
Korea (the Republic of),Hannam University
Korea (the Republic of),Hansei University
Korea (the Republic of),Hanseo University
Korea (the Republic of),Hanshin University
Korea (the Republic of),Hansung University Seoul
Korea (the Republic of),Hanyang University
Korea (the Republic of),Honam University
Korea (the Republic of),Hongik University
Korea (the Republic of),Hoseo University
Korea (the Republic of),Hyupsung University
Korea (the Republic of),Inchon National University of Education
Korea (the Republic of),Inchon University
Korea (the Republic of),Information and Communications University
Korea (the Republic of),Inha University
Korea (the Republic of),Inje University
Korea (the Republic of),Jeonju University
Korea (the Republic of),Kangnam University
Korea (the Republic of),Kangnung National University
Korea (the Republic of),Kangwon National University
Korea (the Republic of),Kaya University
Korea (the Republic of),KDI School of Public Policy and Management
Korea (the Republic of),Keimyung University
Korea (the Republic of),Kongju National University
Korea (the Republic of),Kongju National University of Education
Korea (the Republic of),Konkuk University
Korea (the Republic of),Konyang University
Korea (the Republic of),Kookmin University
Korea (the Republic of),Korea Advanced Institute of Science & Technology
Korea (the Republic of),Korea Maritime University
Korea (the Republic of),Korea National Open University
Korea (the Republic of),Korea National University of Arts
Korea (the Republic of),Korea National University of Education
Korea (the Republic of),Korea National University of Physical Education
Korea (the Republic of),Korea University
Korea (the Republic of),Kosin University
Korea (the Republic of),Kumoh National University of Technology
Korea (the Republic of),Kunsan National University
Korea (the Republic of),Kwan Dong University
Korea (the Republic of),Kwangju National University of Education
Korea (the Republic of),Kwangju University
Korea (the Republic of),Kwangwoon University
Korea (the Republic of),Kyonggi University
Korea (the Republic of),Kyongju University
Korea (the Republic of),Kyunghee University
Korea (the Republic of),Kyungil University
Korea (the Republic of),Kyungnam University
Korea (the Republic of),Kyungpook National University
Korea (the Republic of),Kyungsung University
Korea (the Republic of),Kyungwon University
Korea (the Republic of),Miryang National University
Korea (the Republic of),Mokpo National Maritime University
Korea (the Republic of),Mokpo National University
Korea (the Republic of),Mokwon University Taejon
Korea (the Republic of),Myongji University
Korea (the Republic of),Paichai University
Korea (the Republic of),Pohang University of Science and Technology
Korea (the Republic of),Pukyong National University
Korea (the Republic of),Pusan National University
Korea (the Republic of),Pusan National University of Education
Korea (the Republic of),Pusan University of Foreign Studies
Korea (the Republic of),Pusan Women's University
Korea (the Republic of),Pyongtaek University 
Korea (the Republic of),Sahmyook University
Korea (the Republic of),Samchok National University
Korea (the Republic of),Sang Ji University
Korea (the Republic of),Sang Myung University
Korea (the Republic of),Sejong University
Korea (the Republic of),Semyung University
Korea (the Republic of),Seokyeong University
Korea (the Republic of),Seokyeong University
Korea (the Republic of),Seonam University
Korea (the Republic of),Seoul City University
Korea (the Republic of),Seoul National University
Korea (the Republic of),Seoul National University of Education
Korea (the Republic of),Seoul National University of Technology
Korea (the Republic of),Seoul Teological University
Korea (the Republic of),Seoul Women's University
Korea (the Republic of),Seowon University
Korea (the Republic of),Silla University
Korea (the Republic of),Sogang University
Korea (the Republic of),Sookmyung Women's University
Korea (the Republic of),Soonchunhyang University
Korea (the Republic of),Soongsil University
Korea (the Republic of),Sunchon National University
Korea (the Republic of),Sungkyul University
Korea (the Republic of),Sung Kyun Kwan University
Korea (the Republic of),Sungshin Women's University
Korea (the Republic of),Sunmoon University
Korea (the Republic of),Suwon Catholic University
Korea (the Republic of),Suwon University
Korea (the Republic of),Taegu National University of Education
Korea (the Republic of),Taegu University
Korea (the Republic of),Taejon National University of Technology
Korea (the Republic of),Taejon University
Korea (the Republic of),Taeshin Christian University
Korea (the Republic of),Tongmyung University of Information Technology
Korea (the Republic of),Ulsan University
Korea (the Republic of),University of Science and Technology
Korea (the Republic of),Wonkwang University
Korea (the Republic of),Woosuk University
Korea (the Republic of),Yeungnam University
Korea (the Republic of),Yonsei University
Korea (the Republic of),Yosu National University
Kuwait,American University of Kuwait 
Kuwait,American University of Middle East
Kuwait,Arab Open University, Kuwait Branch
Kuwait,Australlian College of Kuwait 
Kuwait,Gulf University for Science and Technology
Kuwait,Kuwait International Law School
Kuwait,Kuwait Maastricht Business School
Kuwait,Kuwait University
Cayman Islands,International College of the Cayman Islands
Cayman Islands,St. Matthews University
Kazakhstan,Abai State University
Kazakhstan,Abylai Khan University
Kazakhstan,Aktau State University
Kazakhstan,Al-Farabi Kazakh National University
Kazakhstan,Atyrau State University
Kazakhstan,East Kazakhstan State University
Kazakhstan,East Kazakstan State Technical University
Kazakhstan,Eurasian Institute of market
Kazakhstan,International Kazakh-Turkish University
Kazakhstan,Karaganda State Buketov University
Kazakhstan,Karaganda State Technical University
Kazakhstan,Kazak American University
Kazakhstan,Kazakh British Technical University
Kazakhstan,Kazakhstan Institute of Management, Economics, and Strategic Research
Kazakhstan,Kazak National Technical University
Kazakhstan,Kazak State University of Agriculture
Kazakhstan,Kostanai State University
Kazakhstan,L.N. Gumilyov Eurasian National University
Kazakhstan,North Kazakhstan State University
Kazakhstan,Pavlodar University
Kazakhstan,Semey State Medical University
Kazakhstan,Semey State University
Kazakhstan,Suleyman Demirel University
Kazakhstan,Turar Ryskulov Kazakh Economic University
Kazakhstan,University of International Business
Kazakhstan,Western Kazakhstan Agricultural University
Kazakhstan,Zhetysu State University 
Kazakhstan,Zhezkazgan Baikonurov University
Lao People's Democratic Republic,National University of Laos
Lao People's Democratic Republic,Soutsaka Institute of management and Technology
Lebanon,Al Imam Al-Ouzai University
Lebanon,Al-Islah University
Lebanon,Al-Manar University
Lebanon,American University College of Technology
Lebanon,American University of Beirut
Lebanon,American University of Science and Technology
Lebanon,Arab Open University
Lebanon,Arts, Sciences and Technology University
Lebanon,Balamand University
Lebanon,Beirut Arab University
Lebanon,Business & Computer University College
Lebanon,Centre Universitaire de Technologie
Lebanon,Global University
Lebanon,Haigazian University
Lebanon,Hariri Canadian University
Lebanon,Holy Spirit University of Kaslik
Lebanon,Jinan University
Lebanon,Lebanese American University
Lebanon,Lebanese International University
Lebanon,Lebanese University
Lebanon,Matn University
Lebanon,Near East School of Theology
Lebanon,Notre Dame University
Lebanon,St. Joseph University Beirut
Saint Lucia,Spartan University of Health Sciences
Liechtenstein,Internationle Akademie f¸r Philosophie
Liechtenstein, Universit‰t Liechtenstein
Sri Lanka,Arthur C Clarke Institute of Modern Technologies
Sri Lanka,Buddhasravaka Bhikshu University
Sri Lanka,Buddhist and Pali University of Sri Lanka
Sri Lanka,Eastern University of Sri Lanka
Sri Lanka,Horizon College of Business and Technology
Sri Lanka,Kotelawala Defence University
Sri Lanka,Open University of Sri Lanka
Sri Lanka,Postgraduate Institute of Agriculture (PGIA)
Sri Lanka,Postgraduate Institute of Pali & Buddhist Studies (University of Kelaniya)
Sri Lanka,Rajarata University of Sri Lanka
Sri Lanka,Sabaragamuwa University of Sri Lanka
Sri Lanka,South Asian Institute of Technology And Medicine (SAITM) 
Sri Lanka,South Eastern University of Sri Lanka
Sri Lanka,Sri Lanka Institute of Advanced Technical Education
Sri Lanka,Sri Lanka Institute of Information Technology (SLIT)
Sri Lanka,University of Colombo
Sri Lanka,University of Jaffna
Sri Lanka,University of Kelaniya
Sri Lanka,University of Moratuwa
Sri Lanka,University of Peradeniya
Sri Lanka,University of Ruhuna
Sri Lanka,University of Sri Jayawardenapura
Sri Lanka,University of the Visual & Performing Arts
Sri Lanka,Uva Wellassa University
Sri Lanka,Wayamba University of Sri Lanka 
Liberia,University of Liberia
Lesotho,National University of Lesotho
Lithuania,International School of Management
Lithuania,Kaunas Medical Academy
Lithuania,Kaunas University of Technology
Lithuania,Klaipeda University
Lithuania,Lithuania Christian College
Lithuania,Lithunian Academy of Music and Theatre
Lithuania,Lithunian Institute of Physical Education
Lithuania,Lithunian University of Agriculture
Lithuania,Lithunian Veterinary Academy
Lithuania,Military academy of Lithuania
Lithuania,Mykolo Romerio university
Lithuania,Siauliai University
Lithuania,Vilnius Academy of Arts
Lithuania,Vilnius Gediminas Technical University
Lithuania,Vilnius Pedagogical University
Lithuania,Vilnius University
Lithuania,Vytautas Magnus University
Luxembourg,International University Institute of Luxembourg
Luxembourg,University of Luxemburg
Latvia,Baltic International Academy
Latvia,Daugavpils University
Latvia,Higher School of Psychology
Latvia,Latvian Academy of Arts
Latvia,Latvian Academy of Culture
Latvia,Latvian Academy of Music
Latvia,Latvian Academy of Sports Education
Latvia,Latvian Maritime Academy
Latvia,Latvian University of Agriculture
Latvia,Liepaja Pedagogical Higher School
Latvia,Medical Academy of Latvia
Latvia,National Defence Academy of Latvia
Latvia,Police Academy of Latvia
Latvia,Rezekne Higher School
Latvia,Riga Aviation University
Latvia,Riga Teacher Training and Educational Management Academy
Latvia,Riga Technical University
Latvia,School of Business and Finance
Latvia,Stockholm School of Economics in Riga
Latvia,Transport and Telecommunication Institute
Latvia,University of Latvia
Latvia,Vidzeme University College
Libya,Al-Asmarya University for Islamic Studies
Libya,Al-Jabal Al-Gharbi University
Libya,Elmergib University
Libya,Libyan International Medical University (LIMU)
Libya,Libya Open University
Libya,Omar Al-Mukhtar University
Libya,Sebha University
Libya,Sirte University
Libya,University of Benghazi
Libya,University of Tripoli
Libya,Zawiya University
Morocco,Al Akhawayn University
Morocco,Ecole des Hautes Etudes Commerciales MAROC
Morocco,Ecole des Hautes Etudes en Gestion Informatique et Communication
Morocco,Ecole Mohammadia d'IngÈnieurs
Morocco,Ecole National d'Agriculture de Meknes
Morocco,Ecole Nationale d'Architecture
Morocco,Ecole SupÈrieure de Commerce et des Affaires
Morocco,Ecole Superieure des TÈlÈcommunications
Morocco,Ecole SupÈrieure d'Informatique et de Management
Morocco,Institut des Hautes Etudes de Management
Morocco,Institute of Management and Business Technology
Morocco,Institut National des Postes et TÈlÈcommunications
Morocco,Institut SupÈrieur de Commerce et d'Administration des Entreprises
Morocco,Institut SupÈrieur de Management et de Technologie (MATCI)
Morocco,International Institute for Higher Education
Morocco,ISFORT - Institut de Formation en Technologie Alimentaire
Morocco,UniversitÈ Abdelmalek Essadi
Morocco,UniversitÈ Cadi Ayyad
Morocco,UniversitÈ Chouaib Doukkali
Morocco,UniversitÈ Hassan Ier - Settat
Morocco,UniversitÈ Hassan II -  Ain Chock
Morocco,UniversitÈ Hassan II - Mohammadia
Morocco,UniversitÈ Ibn Toufail
Morocco,UniversitÈ Ibn Zohr Agadir
Morocco,UniversitÈ Mohammed Ier
Morocco,UniversitÈ Mohammed V - Agdal
Morocco,UniversitÈ Mohammed V - Souissi
Morocco,UniversitÈ Moulay IsmaÔl
Morocco,UniversitÈ Sidi Mohammed Ben Abdellah
Monaco,University of Southern Europe (Monaco Business School)
Moldova (the Republic of),Academy of Economic Studies of Moldova
Moldova (the Republic of),Balti State University Alecu Russo
Moldova (the Republic of),Comrat State University
Moldova (the Republic of),Free International University of Moldova
Moldova (the Republic of),Moldova Cooperative Trade University
Moldova (the Republic of),Moldova State Agricultural University
Moldova (the Republic of),Moldova State University
Moldova (the Republic of),Moldova State University of Medicine and Pharmacy N. Testemitsanu
Moldova (the Republic of),Moldova Technical University
Moldova (the Republic of),Pedagogical State University Ion Creanga
Moldova (the Republic of),Tiraspol State University
Moldova (the Republic of),University of Applied Sciences of Moldova
Montenegro,University of Montenegro
Madagascar,UniversitÈ d'Antananarivo
Madagascar,UniversitÈ d'Antsiranana
Madagascar,UniversitÈ de Fianarantsoa
Madagascar,UniversitÈ de Mahajanga
Madagascar,UniversitÈ de Toamasina
Madagascar,UniversitÈ de Toliary
Republic of North Macedonia,FON University
Republic of North Macedonia,South East European University
Republic of North Macedonia,State University of Tetova
Republic of North Macedonia,St.Cyril and Methodius University
Republic of North Macedonia,St.Kliment Ohridski University
Republic of North Macedonia,University for Information Science and Technology  St. Paul The Apostle 
Republic of North Macedonia,University Goce Delcev
Mali,UniversitÈ de Bamako
Myanmar,International Theravada Buddhist Missionary University
Myanmar,Mandalay Technological University
Myanmar,Myanmar Aerospace Engineering University
Myanmar,Technological University (Banmaw)
Myanmar,Technological University (Dawei)
Myanmar,Technological University (Hinthada)
Myanmar,Technological University (Hmawbi)
Myanmar,Technological University (Hpaan)
Myanmar,Technological University (Kalay)
Myanmar,Technological University (Kyaing Tong)
Myanmar,Technological University (Kyaukse)
Myanmar,Technological University (Lashio)
Myanmar,Technological University (Loikaw)
Myanmar,Technological University (Magway)
Myanmar,Technological University (Mandalay)
Myanmar,Technological University (Maubin)
Myanmar,Technological University (Mawlamyaing)
Myanmar,Technological University (Meikhtila)
Myanmar,Technological University (Monywa)
Myanmar,Technological University (Myeik)
Myanmar,Technological University (Myitkyina) 
Myanmar,Technological University (Pakokku)
Myanmar,Technological University (Pathein)
Myanmar,Technological University (Pinlon)
Myanmar,Technological University (Pyay)
Myanmar,Technological University (Sittwe)
Myanmar,Technological University (Taunggyi)
Myanmar,Technological University (Taungoo)
Myanmar,Technological University (Thanlyin)
Myanmar,Technological University (West Yangon)
Myanmar, Technological University (Yangon)
Myanmar,University of Computer Studies, Yangon
Myanmar,University of Medicine 1, Yangon
Myanmar,University of Medicine Magway
Mongolia,Health sciences University of Mongolia
Mongolia,Institute of Commerce and Business
Mongolia,Mongolian National University
Mongolia,Mongolian State University of Agriculture
Mongolia,Mongolian State University of Arts and Culture
Mongolia,Mongolian State University of Education
Mongolia,Mongolian University of Science and Technology
Mongolia,Orkhon University
Mongolia,Ulaanbaatar University
Mongolia,University of the Humanities
Macao,Macau Polytechnic Institute
Macao,University of Macau
Macao,University of Saint Joseph
Martinique,UniversitÈ des Antilles et de la Guyane
Mauritania,UniversitÈ de Nouakchott
Montserrat,University of Science, Arts and Technology
Malta,European Institute of Education
Malta,International Tourism Institute
Malta,University of Malta
Mauritius,University of Mauritius
Mauritius,University of Technology
Maldives,Cyryx College
Maldives,Maldives National University
Maldives,Mandhu College
Malawi,Catholic University of Malawi
Malawi,Mzuzu University
Malawi,University of Livingstonia
Malawi,University of Malawi
Mexico,Benemerita Universidad AutÛnoma de Puebla
Mexico,Centro de EnseÒanza TÈcnica Industrial 
Mexico,Centro de Estudios Universitarios Monterrey
Mexico,Centro de Estudios Universitarios Xochicalco
Mexico,Centro Universitario Ixtlahuaca
Mexico,CETYS Universidad
Mexico,DirecciÛn General de Institutos TecnolÛgicos
Mexico,El Colegio de MÈxico
Mexico,Escuela Bancaria y Comercial
Mexico,Escuela Nacional de Estudios Superiores Unidad LeÛn
Mexico,Instituto de Estudios Superiores de la Sierra
Mexico,Instituto PolitÈcnico Nacional
Mexico,Instituto PolitÈcnico Nacional, Campus Guanajuato
Mexico,Instituto TecnolÛgico AutÛnomo de MÈxico
Mexico,Instituto TecnolÛgico de Aguascalientes
Mexico,Instituto TecnolÛgico de Celaya
Mexico,Instituto Tecnologico de Durango
Mexico,Instituto TecnolÛgico de LeÛn
Mexico,Instituto Tecnologico de Minatitlan
Mexico,Instituto TecnolÛgico de Morelia
Mexico,Instituto TecnolÛgico de QuerÈtaro
Mexico,Instituto TecnolÛgico de San Luis PotosÌ≠
Mexico,Instituto TecnolÛgico de Sonora
Mexico,Instituto TecnolÛgico y de Estudios Superiores de Monterrey (ITESM)
Mexico,Instituto TecnolÛgico y de Estudios Superiores de Occidente
Mexico,PolitÈcnico de Guanajuato
Mexico,Tecnologico de Baja California, Universidad
Mexico,Universidad AnÌ°huac
Mexico,Universidad AnÌ°huac del Sur
Mexico,Universidad AutÛnoma Agraria Antonio Narro
Mexico,Universidad AutÛnoma Benito JuÌ°rez de Oaxaca
Mexico,Universidad AutÛnoma de Aguascalientes
Mexico,Universidad AutÛnoma de Baja California
Mexico,Universidad AutÛnoma de Baja California Sur
Mexico,Universidad AutÛnoma de Campeche
Mexico,Universidad AutÛnoma de Chapingo
Mexico,Universidad AutÛnoma de Chiapas
Mexico,Universidad AutÛnoma de Chihuahua
Mexico,Universidad AutÛnoma de Ciudad JuÌ°rez
Mexico,Universidad AutÛnoma de Coahuila
Mexico,Universidad Autonoma  de Durango
Mexico,Universidad AutÛnoma de Fresnillo
Mexico,Universidad AutÛnoma de Guadalajara
Mexico,Universidad AutÛnoma de Guerrero
Mexico,Universidad AutÛnoma de la Ciudad de MÈxico
Mexico,Universidad AutÛnoma de la Laguna
Mexico,Universidad AutÛnoma del Carmen
Mexico,Universidad AutÛnoma del Estado de Hidalgo
Mexico,Universidad AutÛnoma del Estado de MÈxico
Mexico,Universidad AutÛnoma del Estado de Morelos
Mexico,Universidad AutÛnoma del Noreste
Mexico,Universidad AutÛnoma de Nayarit
Mexico,Universidad AutÛnoma de Nuevo LeÛn
Mexico,Universidad AutÛnoma de QuerÈtaro
Mexico,Universidad AutÛnoma de San Luis PotosÌ≠
Mexico,Universidad AutÛnoma de Sinaloa
Mexico,Universidad AutÛnoma de Tamaulipas
Mexico,Universidad AutÛnoma de Tlaxcala
Mexico,Universidad AutÛnoma de Veracruz Villa Rica
Mexico,Universidad AutÛnoma de YucatÌ°n
Mexico,Universidad AutÛnoma de Zacatecas
Mexico,Universidad Autonoma EspaÌ±a de Durango
Mexico,Universidad AutÛnoma Metropolitana
Mexico,Universidad AutÛnoma Metropolitana - Azcapotzalco
Mexico,Universidad AutÛnoma Metropolitana - Iztapalapa
Mexico,Universidad AutÛnoma Metropolitana - Xochimilco
Mexico,Universidad Champagnat
Mexico,Universidad ChapultepÈc
Mexico,Universidad Cientifica Latinoamericana de Hidalgo
Mexico,Universidad CristÛbal ColÛn
Mexico,Universidad CuauhtÈmoc
Mexico,Universidad de Celaya
Mexico,Universidad de Ciencias y Artes de Chiapas
Mexico,Universidad de Colima
Mexico,Universidad de ComunicaciÛn Avanzada
Mexico,Universidad de Cuautitlan Izcalli
Mexico,Universidad de Guadalajara
Mexico,Universidad de Guanajuato
Mexico,Universidad de Guanajuato, Campus LeÛn
Mexico,Universidad de Hermosillo
Mexico,Universidad de La Salle, BajÌ≠o
Mexico,Universidad de las AmÈricas
Mexico,Universidad de las AmÈricas - Puebla
Mexico,Universidad de la Sierra A.C.
Mexico,Universidad del BajÌ≠o
Mexico,Universidad del Centro de MÈxico
Mexico,Universidad de LeÛn
Mexico,Universidad del Mar
Mexico,Universidad del Mayab
Mexico,Universidad del Noreste
Mexico,Universidad del Noroeste
Mexico,Universidad del Norte
Mexico,Universidad del Tepeyac
Mexico,Universidad del Valle de Atemajac
Mexico,Universidad del Valle del Bravo
Mexico,Universidad del Valle de MÈxico
Mexico,Universidad del Valle de Puebla
Mexico,Universidad del Valle de Toluca
Mexico,Universidad de Montemorelos
Mexico,Universidad de Monterrey
Mexico,Universidad de Norteamerica
Mexico,Universidad de Occidente
Mexico,Universidad de Quintana Roo
Mexico,Universidad de San Miguel
Mexico,Universidad de Sonora
Mexico,Universidad Don Vasco
Mexico,Universidad EspaÌ±a de Durango
Mexico,Universidad Franciscana de MÈxico
Mexico,Universidad Franco-Mexicana
Mexico,Universidad Fray Luca Paccioli
Mexico,Universidad Hispanoamericana
Mexico,Universidad Iberoamericana
Mexico,Universidad Iberoamericana, Campus LeÛn
Mexico,Universidad Insurgentes Plantel LeÛn
Mexico,Universidad Intercontinental
Mexico,Universidad Itaca
Mexico,Universidad JÛse Vasconcelos
Mexico,Universidad JuÌ°rez AutÛnoma de Tabasco
Mexico,Universidad JuÌ°rez del Estado de Durango
Mexico,Universidad Justo Sierra
Mexico,Universidad Kino
Mexico,Universidad la Concordia
Mexico,Universidad La Salle
Mexico,Universidad La Salle Cuernavaca
Mexico,Universidad Lasallista Benavente
Mexico,Universidad Latina
Mexico,Universidad Latinoamericana
Mexico,Universidad Madero
Mexico,Universidad Mesoamericana de San AgustÌ≠n
Mexico,Universidad Metropolitana de Monterrey
Mexico,Universidad Metropolitana Latin Campus
Mexico,Universidad Mexicana
Mexico,Universidad Mexicana del Noreste
Mexico,Universidad MÈxico Americana del Norte
Mexico,Universidad MÈxico Internacional
Mexico,Universidad Michoacana de San NicolÌ°s de Hidalgo
Mexico,Universidad MotolinÌ≠a del Pedegral
Mexico,Universidad MotolinÌ≠a del Pedregal
Mexico,Universidad Nacional AutÛnoma de MÈxico
Mexico,Universidad Nuevo Mundo
Mexico,Universidad Obrera de Mexico
Mexico,Universidad Olmeca
Mexico,Universidad Panamericana
Mexico,Universidad PedagÛgica Nacional
Mexico,Universidad PedagÛgica Nacional, Unidad LeÛn
Mexico,Universidad PedagÛgica Veracruzana
Mexico,Universidad Popular AutonÛma del Estado de Puebla
Mexico,Universidad Regiomontana
Mexico,Universidad Regional del Sureste
Mexico,Universidad Regional Miguel Hidalgo
Mexico,Universidad Salesiana
Mexico,Universidad Santa Fe
Mexico,Universidad SimÛn Bolivar
Mexico,Universidad Tecnologica de la Mixteca
Mexico,Universidad TecnolÛgica de MÈxico
Mexico,Universidad Tecnologica de Nezahualcoyotl
Mexico,Universidad Valle del Grijalva
Mexico,Universidad Veracruzana
Mexico,Universidad Xicotepetl
Mexico,Westhill University
Malaysia,Advance Tertiary College
Malaysia,Aimst University
Malaysia,Al-Bukhari International University
Malaysia,Allianze College of Medical Sciences (ACMS)
Malaysia,Al Madinah International University
Malaysia,Asia E University
Malaysia,Asia Pacific Institute of Information Technology (APIIT)
Malaysia,Baitulmal Management Institute (IPB)
Malaysia,Binary University College of Managemant & Entrepreneurship
Malaysia,Brickfields Asia College
Malaysia,British Malaysian Institute
Malaysia,City University College of Science and Technology
Malaysia,Curtin University of Technology, Sarawak Campus
Malaysia,Cyberjaya University College of Medical Science
Malaysia,Darul Hikmah Islamic College
Malaysia,Darul Naim College of Technology
Malaysia,Darul Quran Islamic College University
Malaysia,Darul Takzim Institute of Technology
Malaysia,Darul Ulum Islamic College
Malaysia,FTMS Global Academy
Malaysia,Help University College
Malaysia,Iact College
Malaysia,Institute of Teachers Education, Batu Lintang
Malaysia,Institute of Teachers Education, Darul Aman
Malaysia,Institute of Teachers Education, Dato' Razali Ismail 
Malaysia,Institute of Teachers Education, Ilmu Khas
Malaysia,Institute of Teachers Education, Ipoh
Malaysia,Institute of Teachers Education, Islamic Education
Malaysia,Institute of Teachers Education, Keningau
Malaysia,Institute of Teachers Education, Kent
Malaysia,Institute of Teachers Education, Kota Bharu
Malaysia,Institute of Teachers Education, Malay Language
Malaysia,Institute of Teachers Education, Melaka 
Malaysia,Institute of Teachers Education, Penang
Malaysia,Institute of Teachers Education, Perlis
Malaysia,Institute of Teachers Education, Perlis
Malaysia,Institute of Teachers Education, Raja Melewar
Malaysia,Institute of Teachers Education, Rajang
Malaysia,Institute of Teachers Education, Sarawak
Malaysia,Institute of Teachers Education, Sultan Abdul Halim
Malaysia,Institute of Teachers Education, Sultan Mizan
Malaysia,Institute of Teachers Education, Tawau
Malaysia,Institute of Teachers Education, Technical Education 
Malaysia,Institute of Teachers Education, Temenggong Ibrahim
Malaysia,Institute of Teachers Education, Tengku Ampuan Afzan
Malaysia,Institute of Teachers Education, Tuanku Bainun
Malaysia,Institute of Teachers Education, Tun Hussein Onn
Malaysia,Institut Prima Bestari - Pine Academy 
Malaysia,International Islamic College
Malaysia,International Islamic College of Penang
Malaysia,International Islamic University
Malaysia,International Medical University
Malaysia,International University College of Nursing (IUCN)
Malaysia,International University College of Technology Twintech (IUCTT)
Malaysia,Islamic College for Sciences and Technologies
Malaysia,Johore Bharu Primeir Polytechnic
Malaysia,KBU International College
Malaysia,KDU College Sdn Bhd
Malaysia,Kolej Universiti Insaniah
Malaysia,Kota Bharu Polytechnic
Malaysia,Kota Kinabalu Polytechnic
Malaysia,Kuala Lumpur Infrastructure University College
Malaysia,Kuala Lumpur Metropolitan University
Malaysia,Kuala Terengganu City Polytechnic
Malaysia,Kuching Polytechnic
Malaysia,Limkokwing University College of Creative Technology
Malaysia,Linton University College
Malaysia,Mahsa University College for Health and Medical Science
Malaysia,Malaysia University of Science and Technology (MUST)
Malaysia,Management and Science University
Malaysia,Mara Poly-Tech College
Malaysia,Melaka City Polytechnic
Malaysia,Melaka Islamic University College
Malaysia,Merlimau Polytechnic
Malaysia,Monash University, Malaysia Campus
Malaysia,Muadzam Shah Polytechnic
Malaysia,Multimedia University
Malaysia,Murni Nursing College
Malaysia,Newcastle University, Medicine Malaysia 
Malaysia,Nilai University College
Malaysia,Olympia College
Malaysia,Open University Malaysia
Malaysia,Penang International Dental College
Malaysia,Perak Islamic College
Malaysia,Perdana University
Malaysia,Perlis Islamic Higher Learning Institute
Malaysia,Petronas Technology University
Malaysia,Port Dickson Polytechnic
Malaysia,Primier International University Perak
Malaysia,PTPL College
Malaysia,PTPL College
Malaysia,Raffles University
Malaysia,Saito College
Malaysia,Seberang Perai Polytechnic
Malaysia,Segi University College
Malaysia,Selangor Islamic University College
Malaysia,Shahputra College
Malaysia,Sultan Abdul Halim Muadzam Shah Polytechnic
Malaysia,Sultanah Bahiyah Polytechnic
Malaysia,Sultan Ahmad Shah Islamic College
Malaysia,Sultan Azlan Shah Polytechnic 
Malaysia,Sultan Haji Ahmad Shah Polytechnic
Malaysia,Sultan Idris Shah Polytechnic
Malaysia,Sultan Ismail Petra International Islamic College
Malaysia,Sultan Mizan Zainal Abidin Polytechnic
Malaysia,Sultan Salahuddin Abdul Aziz Shah Polytechnic
Malaysia,Sunway University College
Malaysia,Swinburne University of Technology, Sarawak Campus
Malaysia,Taj International College
Malaysia,Taylor's University College
Malaysia,TPM College
Malaysia,Tunku Abdul Rahman Chinese College
Malaysia,Tunku Abdul Rahman University (Chinese University)
Malaysia,Tunku Syed Sirajuddin Polytechnic
Malaysia,UCSI University
Malaysia,Ungku Omar Premier Polytechnic
Malaysia,Universiti Darul Iman
Malaysia,Universiti Industri Selangor
Malaysia,Universiti Kebangsaan Malaysia
Malaysia,Universiti Kuala Lumpur
Malaysia,Universiti Kuala Lumpur Malaysian Institute of Information Technology (MIIT)
Malaysia,Universiti Malaya
Malaysia,Universiti Malaysia Kelantan
Malaysia,Universiti Malaysia Perlis
Malaysia,Universiti Malaysia Sabah
Malaysia,Universiti Malaysia Sarawak
Malaysia,Universiti Malaysia Terengganu
Malaysia,Universiti Pendidikan Sultan Idris
Malaysia,Universiti Putra Malaysia
Malaysia,Universiti Sains Malaysia
Malaysia,Universiti Sultan Zainal Abidin
Malaysia,Universiti Teknikal Malaysia Melaka
Malaysia,Universiti Teknologi Malaysia
Malaysia,Universiti Teknologi Mara
Malaysia,Universiti Teknologi Petronas
Malaysia,Universiti Tenaga Nasional
Malaysia,Universiti Tun Abdul Razak
Malaysia,Universiti Tun Hussein Onn Malaysia
Malaysia,Universiti Tunku Abdul Rahman
Malaysia,Universiti Utara Malaysia
Malaysia,University College of Technology & Innovation (UCTI)
Malaysia,University Malaysia Pahang
Malaysia,University of Management and Technology 
Malaysia,University of Nottingham, Malaysia Campus
Malaysia,University Tun Abdul Razak
Malaysia,Wawasan Open University
Malaysia,West Minster International College
Malaysia,YPC-iTWEB College
Mozambique,Instituto Superior de CiÌ™nicas e Tecnologia de MoÁambique
Mozambique,Instituto Superior de RelaÁÌµes Internacionais (ISRI) 
Mozambique,Instituto Superior PolitÈcnico e Universit·rio
Mozambique,Universidade CatÛlica de MoÁambique
Mozambique,Universidade Eduardo Mondlane
Namibia,Ilsa Independent College
Namibia,Institute of Information Technology
Namibia,International University of Management
Namibia,Polytechnic of Namibia
Namibia,University of Namibia
New Caledonia,University of New Caledonia
Niger,UniversitÈ Abdou Moumouni de Niamey
Nigeria,Abia State Polytechnic
Nigeria,Abia State University
Nigeria,ABTI American University of Nigeria
Nigeria,Abubakar Tafawa Balewa University
Nigeria,Adamawa State University
Nigeria,Adekunle Ajasin University
Nigeria,Adeleke University
Nigeria,Adeyemi College of Education
Nigeria,Afe Babalola University
Nigeria,African University of Science and Technology
Nigeria,Ahmadu Bello University
Nigeria,Ajayi Crowther University
Nigeria, Akanu Ibiam Federal Polytechnic, Unwana
Nigeria,Akwa Ibom State University of Technology
Nigeria,Al-hikmah University
Nigeria,Ambrose Alli University
Nigeria,Anambra State University of Science and Technology
Nigeria,Auchi Polytechnic
Nigeria,Babcock University
Nigeria,Bauchi State University, Gadau
Nigeria,Bayero University Kano
Nigeria,Baze University Abuja
Nigeria,Bells University of Technology
Nigeria,Benson Idahosa University
Nigeria,Benue State University
Nigeria,Bingham University
Nigeria,Bowen University
Nigeria,Caleb University
Nigeria,Caritas University
Nigeria,College of Education Ikere
Nigeria,College of Education Oju
Nigeria,Covenant University
Nigeria,Crawford University 
Nigeria,Crescent University
Nigeria,Cross River University of Science and Technology
Nigeria,Ebonyi State University
Nigeria,Ekiti State University
Nigeria,Enugu State University of Science and Technology
Nigeria,Federal College Of Education (Technical), Akoka
Nigeria,Federal Polytechnic Bauchi, Nigeria
Nigeria,Federal University of Petroleum Resources
Nigeria,Federal University of Technology, Akure
Nigeria,Federal University of Technology, Minna
Nigeria,Federal University of Technology, Owerri
Nigeria,Federal University of Technology, Yola
Nigeria,Fountain University
Nigeria,Godfrey Okoye University
Nigeria,Godfrey Okoye University 
Nigeria,Gombe State University
Nigeria,Ibrahim Babangida University
Nigeria,Igbinedion University
Nigeria,Imo State University
Nigeria,Joseph Ayo Babalola University
Nigeria,Kaduna State University
Nigeria,Kano State University of Technology Wudil
Nigeria,Katsina University
Nigeria,Kebbi State University of Science and Technology
Nigeria,Kogi State University
Nigeria,Kwararafa University
Nigeria,Kwara State Polytecnic
Nigeria,Kwara State University 
Nigeria,Ladoke Akintola University of Technology
Nigeria,Lagos City Polytechnic
Nigeria,Lagos State Polytechnic
Nigeria,Lagos State University
Nigeria,Landmark University
Nigeria,Lead City University of Ibadan
Nigeria,Madonna University
Nigeria,Michael Okpara University of Agriculture
Nigeria,Nasarawa State University Keffi
Nigeria,National Open University of Nigeria
Nigeria,Niger Delta University
Nigeria,Nigerian Defence Academy
Nigeria,Nigerian Turkish Nile University
Nigeria,Nnamdi Azikiwe University
Nigeria,Novena University
Nigeria,Obafemi Awolowo University Ile-Ife
Nigeria,Obong University
Nigeria,Oduduwa University
Nigeria,Olabisi Onabanjo University 
Nigeria,Ondo State University of Science and Technology
Nigeria,Osun State University
Nigeria,Pan-African University
Nigeria,Paul University
Nigeria,Polytechnic Ibadan
Nigeria,Redeemers University
Nigeria,Renaissance University
Nigeria,Rivers State University of Science and Technology
Nigeria,Salem University
Nigeria,Sokoto State University 
Nigeria,Tai Solarin University of Education
Nigeria,Tansian University
Nigeria,Taraba State University
Nigeria,The Achievers University
Nigeria,The Federal Polytechnic Offa
Nigeria,Umaru Musa Yar'Adua University 
Nigeria,University of Abuja
Nigeria,University of Agriculture Abeokuta
Nigeria,University of Agriculture Makurdi
Nigeria,University of Benin
Nigeria,University of Calabar
Nigeria,University of Ibadan
Nigeria,University of Ilorin
Nigeria,University of Jos
Nigeria,University of Lagos
Nigeria,University of Maiduguri
Nigeria,University of Mkar
Nigeria,University of Nigeria
Nigeria,University of Portharcourt
Nigeria,University of Uyo
Nigeria,Usmanu Danfodiyo University Sokoto
Nigeria,Veritas University
Nigeria,Wellspring University
Nigeria,Wesley University of Science and Technology
Nigeria,Western Delta University
Nigeria,Yaba College of Technology
Nicaragua,Universidad Americana
Nicaragua,Universidad Catolica Redemptoris Mater
Nicaragua,Universidad Central de Nicaragua
Nicaragua,Universidad Centroamericana
Nicaragua,Universidad Centroamericana de Ciencias Empresariales (UCEM)
Nicaragua,Universidad Ciencias Comerciales
Nicaragua,Universidad de las AmÈricas (ULAM)
Nicaragua,Universidad de las Regiones AutÛnomas de la Costa Caribe Nicarag¸ense
Nicaragua,Universidad de Managua (U de M)
Nicaragua,Universidad Hispanoamericana
Nicaragua,Universidad Iberoamericana de Ciencia y Tecnologia
Nicaragua,Universidad Internacional de IntegraciÛn de AmÈrica Latina
Nicaragua,Universidad Nacional Agraria
Nicaragua,Universidad Nacional Autonoma de Nicaragua
Nicaragua,Universidad Nacional de Ingenieria
Nicaragua,Universidad Nicarag¸ense de Ciencia y TecnolÛgica
Nicaragua,Universidad Politecnica de Nicaragua
Nicaragua,Universidad Popular de Nicaragua (UPONIC)
Netherlands,Christelijke Hogeschool Windesheim
Netherlands,De Haagse Hogeschool
Netherlands,Delft University of Technology
Netherlands,Dutch Delta University
Netherlands,Eindhoven University of Technology
Netherlands,Erasmus University Rotterdam
Netherlands,European Open University
Netherlands,Fontys University of Applied Sciences
Netherlands,Foundation University
Netherlands,Free University Amsterdam
Netherlands,Hanzehogeschool Groningen
Netherlands,Hogeschool Inholland
Netherlands,Hogeschool Leiden
Netherlands,Hogeschool Rotterdam
Netherlands,Hogeschool Utrecht
Netherlands,Hogeschool van Amsterdam
Netherlands,Hogeschool voor de Kunsten Utrecht (HKU)
Netherlands,Hotelschool The Hague
Netherlands,Institute of Social Studies
Netherlands,International Institute for Geo - Information Science and Earth Observation
Netherlands,Islamic University of Rotterdam
Netherlands,Leiden University
Netherlands,NHL University of Applied Sciences
Netherlands,NHTV Breda University of Professional Education
Netherlands,NTI University
Netherlands,Open University of the Netherlands
Netherlands,Radboud University of Nijmegen
Netherlands,Roosevelt Academy University College
Netherlands,Saxion Universities 
Netherlands,Stenden University
Netherlands,Tilburg University
Netherlands,UNESCO-IHE Institute for Water Education
Netherlands,Universiteit Doesburg (UNDO)
Netherlands,University for Humanistics (UH)
Netherlands,University of Amsterdam
Netherlands,University of Groningen
Netherlands,University of Maastricht
Netherlands,University of Nijenrode
Netherlands,University of Twente
Netherlands,Utrecht University
Netherlands,Wageningen University
Netherlands,Wittenborg University
Netherlands,Zuyd University
Norway,Agder University College
Norway,Agricultural University of Norway
Norway,Bergen University College
Norway,Bodo Regional University
Norway,Finnmark University College
Norway,Lillehammer University College
Norway,Molde University College
Norway,National Academy of Fine Arts
Norway,National College of Art and Design
Norway,Norway's Information Technology University College
Norway,Norwegian College of Veterinary Medicine
Norway,Norwegian School of Economics and Business Administration
Norway,Norwegian School of Management BI
Norway,Norwegian State Academy of Music
Norway,Norwegian Teacher Academy for Studies in Religion and Education
Norway,Norwegian University of Life Sciences
Norway,Norwegian University of Science and Technology
Norway,Norwegian University of Sport and Physical Education
Norway,Oslo School of Architecture
Norway,University of Bergen
Norway,University of Oslo
Norway,University of Stavanger
Norway,University of TromsÌ∏
Nepal,Agriculture and Forestry University
Nepal,B.P.Koirala Institute of Health Sciences
Nepal,Kathmandu University
Nepal,Lumbini Buddhist University
Nepal,Nepal Sanskrit University
Nepal,Pokhara University
Nepal,Purbanchal University
Nepal,Tribhuvan University Kathmandu
Niue,St Clements University - Higher Education School
New Zealand,Auckland University of Technology
New Zealand,Christchurch Polytechnic Institute of Technology
New Zealand,Lincoln University
New Zealand,Massey University
New Zealand,Open Polytechnic 
New Zealand,University of Auckland
New Zealand,University of Canterbury
New Zealand,University of Otago
New Zealand,University of Waikato
New Zealand,Victoria University of Wellington
Oman,Al-Buraimi University College
Oman,Arab Open University
Oman,Dhofar University
Oman,Ibra College of Technology
Oman,Majan University College
Oman,Muscat College
Oman,Oman College Of Management & Technology
Oman,Sohar University
Oman,Sultan Qaboos University
Oman,Sur University College
Oman,University of Nizwa
Panama,Columbus University
Panama,Floret Global University
Panama,Instituto de EnseÌ±anza Superior Oteima
Panama,Universidad Abierta y a Distancia de Panama
Panama,Universidad Autonoma de Chiriqui
Panama,Universidad CatÛlica Santa MarÌ≠a La Antigua
Panama,Universidad de Cartago
Panama,Universidad del Istmo
Panama,Universidad de PanamÌ°
Panama,Universidad Especializada de Las Americas
Panama,Universidad Interamericana de Educacion a Distancia de Panama
Panama,Universidad Latina de PanamÌ°
Panama,Universidad Latinoamericana de Ciencia y Tecnologia, PanamÌ°
Panama,Universidad TecnolÛgica de PanamÌ°
Panama,Universidad TecnolÛgica Oteima
Panama,Victoria International University
Panama,West Coast University (WCU)
Peru,Pontificia Universidad CatÛlica del PerÌ∫
Peru,Universidad Alas Peruanas
Peru,Universidad Andina del Cusco
Peru,Universidad Andina Nestor Caceares Velasquez
Peru,Universidad CatÛlica de Santa MarÌ≠a
Peru,Universidad CatÛlica Santo Toribio de Mogrovejo
Peru,Universidad CÈsar Vallejo
Peru,Universidad Cientifica del Sur
Peru,Universidad de Chiclayo
Peru,Universidad de Ciencias y Humanidades
Peru,Universidad de HuÌ°nuco
Peru,Universidad de Lambayeque
Peru,Universidad de Lima
Peru,Universidad del Pacifico
Peru,Universidad de Piura
Peru,Universidad Femenina del Sagrado CorazÛn
Peru,Universidad Los Angeles de Chimbote
Peru,Universidad Marcelino Champagnat
Peru,Universidad Nacional Agraria de la Selva
Peru,Universidad Nacional Agraria La Molina
Peru,Universidad Nacional Agraria La Selva
Peru,Universidad Nacional Daniel Alcides Carrion
Peru,Universidad Nacional de Cajamarca
Peru,Universidad Nacional de EducaciÛn Enrique GuzmÌ°n y Valle
Peru,Universidad Nacional de IngenierÌ≠a
Peru,Universidad Nacional de la AmazonÌ≠a Peruana
Peru,Universidad Nacional de La Libertad, Trujillo
Peru,Universidad Nacional del Altiplano
Peru,Universidad Nacional del Callao
Peru,Universidad Nacional del Centro del PerÌ∫
Peru,Universidad Nacional de Piura
Peru,Universidad Nacional de San Agustin
Peru,Universidad Nacional de San Antonio Abad
Peru,Universidad Nacional de San CristÛbal de Huamanga
Peru,Universidad Nacional de San MartÌ≠n
Peru,Universidad Nacional de Santa - Chimbote
Peru,Universidad Nacional de Tumbes
Peru,Universidad Nacional de Ucayali
Peru,Universidad Nacional Federico Villarreal
Peru,Universidad Nacional Hermilio Valdizan
Peru,Universidad Nacional Jorge Basadre Grohmann
Peru,Universidad Nacional JosÈ Faustino S·nchez CarriÛn
Peru,Universidad Nacional Mayor de San Marcos
Peru,Universidad Nacional Pedro RuÌ≠z Gallo
Peru,Universidad Nacional San Luis Gonzaga
Peru,Universidad Nacional Santiago AntÌ∫nez de Mayolo
Peru,Universidad Norbert Wiener
Peru,Universidad Particular de Chiclayo
Peru,Universidad Particular Inca Garcilaso de la Vega
Peru,Universidad Peruana Cayetano Heredia
Peru,Universidad Peruana de Ciencias Aplicadas
Peru,Universidad Peruana de Ciencias e InformÌ°tica
Peru,Universidad Peruana Union
Peru,Universidad Privada Antenor Orrego
Peru,Universidad Privada del Norte
Peru,Universidad Privada de Tacna
Peru,Universidad Privada Juan MejÌ≠a Baca
Peru,Universidad Privada Los Andes
Peru,Universidad Privada San Juan Bautista
Peru,Universidad Privada San Pedro
Peru,Universidad Privada Sergio Bernales
Peru,Universidad Ricardo Palma
Peru,Universidad San Ignacio de Loyola
Peru,Universidad San Martin de Porres
Peru,Universidad San Pablo
Peru,Universidad SeÌ±or de SipÌ°n
Peru,Universidad TecnolÛgica de los Andes de ApurÌ≠mac
Peru,Universidad TecnolÛgica del Peru
French Polynesia,UniversitÈ de la PolynÈsie FranÁaise
Papua New Guinea,Divine Word University
Papua New Guinea,Pacific Adventist University
Papua New Guinea,Papua New Guinea University of Technology
Papua New Guinea,University of Goroka
Papua New Guinea,University of Papua New Guinea
Philippines,Adamson University
Philippines,Adventist University of the Philippines
Philippines,Angeles University
Philippines,Aquinas University
Philippines,Araullo University
Philippines,Arellano University
Philippines,Ateneo de Davao University
Philippines,Ateneo de Manila University
Philippines,Ateneo de Naga University
Philippines,Ateneo de Zamboanga University
Philippines,Benguet State University
Philippines,Bicol University
Philippines,Bulacan State University
Philippines,Cagayan State University
Philippines,Capitol University
Philippines,Central Luzon State University
Philippines,Central Mindanao University
Philippines,Central Philippine University
Philippines,Centro Escolar University
Philippines,Colegio de San Juan de Letran
Philippines,College of the Holy Spirit
Philippines,Davao Doctors College
Philippines,De La Salle University
Philippines,De La Salle University, Araneta
Philippines,Divine Word College of Legazpi
Philippines,Don Mariano Marcos Memorial State University
Philippines,Far Eastern University
Philippines,Feati University
Philippines,Foundation University
Philippines,Holy Angel University
Philippines,Information and Communications Technology Academy
Philippines,Irish University Business School, Cebu
Philippines,Isabela State University
Philippines,Leyte Normal University
Philippines,Leyte State University 
Philippines,Liceo de Cagayan University
Philippines,Lyceum of the Philippines University
Philippines,Manila Central University
Philippines,Manuel L. Quezon University
Philippines,Manuel S. Enverga University Foundation
Philippines,Mariano Marcos State University
Philippines,Mindanao State University
Philippines,Mindanao State University - Iligan Institute of Technology
Philippines,Misamis University
Philippines,Mountain View College
Philippines,National University
Philippines,New Era University
Philippines,Northwestern University of the Philippines
Philippines,Notre Dame of Marbel University
Philippines,Notre Dame University
Philippines,Our Lady of Fatima University
Philippines,Palawan State University
Philippines,Pangasinan State University
Philippines,Philippine Christian University
Philippines,Philippine Military Academy
Philippines,Philippine Normal University
Philippines,Philippine Women's University
Philippines,Polytechnic University of the Philippines
Philippines,Rizal Technological University
Philippines,Saint Ferdinand College
Philippines,Saint Louis College
Philippines,Saint Louis University
Philippines,Saint Mary's University
Philippines,Saint Paul University
Philippines,Samar State University
Philippines,San Beda College
Philippines,Silliman University
Philippines,Southwestern University
Philippines,Tarlac State University
Philippines,Technological University of the Philippines
Philippines,University of Asia and the Pacific
Philippines,University of Baguio
Philippines,University of Batangas
Philippines,University of Bohol
Philippines,University of Cagayan Valley
Philippines,University of Cebu
Philippines,University of Eastern Philippines
Philippines,University of lloilo
Philippines,University of Manila
Philippines,University of Mindanao
Philippines,University of Negros Occidental-Recoletos
Philippines,University of Northeastern Philippines
Philippines,University of Northern Philippines
Philippines,University of Nueva Caceres
Philippines,University of Pangasinan
Philippines,University of Perpetual Help
Philippines,University of Perpetual Help, System Dalta
Philippines,University of Regina Carmeli
Philippines,University of Saint La Salle
Philippines,University of San Agustin
Philippines,University of San Carlos
Philippines,University of San Jose Recoletos
Philippines,University of Santo Tomas
Philippines,University of Southeastern Philippines
Philippines,University of Southern Mindanao
Philippines,University of Southern Philippines Foundation
Philippines,University of the Assumption
Philippines,University of the City of Manila
Philippines,University of the Cordilleras
Philippines,University of the East, Coloocan
Philippines,University of the East, Manila
Philippines,University of the East, Ramon Magsaysay Memorial Medical Center
Philippines,University of the Immaculate Conception
Philippines,University of the Philippines Baguio
Philippines,University of the Philippines Diliman
Philippines,University of the Philippines Los Banos
Philippines,University of the Philippines Manila
Philippines,University of the Philippines Mindanao
Philippines,University of the Philippines Open University
Philippines,University of the Philippines Visayas
Philippines,University of the Philippines Visayas - Cebu High School
Philippines,University of the Visayas
Philippines,Virgen Milagrosa University Foundation
Philippines,Wesleyan University Philippines
Philippines,Western Mindanao State University
Philippines,West Visayas State University
Philippines,Xavier University
Pakistan,Abasyn University Peshawar
Pakistan,Aga Khan University
Pakistan,Air University
Pakistan,Alhamd Islamic University
Pakistan,Al-Khair University
Pakistan,Allama Iqbal Open University
Pakistan,Alpha Omega University
Pakistan,American University of Hawaii, Punjab Campus
Pakistan,Arid Agriculture University
Pakistan,Asian Management Institute
Pakistan,Asia Pacific Institute of Information Technology Pakistan (APIIT PAK)
Pakistan,Azad Jammu and Kashmir University
Pakistan,Bahauddin Zakariya University, Multan
Pakistan,Bahria University
Pakistan,Balochistan University of Engineering and Technology Khuzdar
Pakistan,Balochistan University of Information Technology & Management Sciences 
Pakistan,Baqai Medical University
Pakistan,Cecos Univeristy of Information Technology
Pakistan,College of Business Management ( CBM )
Pakistan,COMSATS Institute of Information Technology
Pakistan,COMSATS Institute of Information Technology, Abbottabad
Pakistan,COMSATS Institute of Information Technology, Attock
Pakistan,COMSATS Institute of Information Technology, Lahore
Pakistan,COMSATS Institute of Information Technology, Wah
Pakistan,COSMIQ Institute of Technology
Pakistan,Dadabhoy Institute of Higher Education
Pakistan,Dawood College of Engineering and Technology
Pakistan,Dow University of Health Sciences
Pakistan,Faisalabad Institute of Textile and Fashion Design
Pakistan,FAST - National University of Computer and Emerging Sciences (NUCES)
Pakistan,Federal Urdu University of Arts,Science and Technology
Pakistan,Gandhara Institute of Medical Sciences
Pakistan,Gangdara Institute Of Science & Technology
Pakistan,GC University
Pakistan,Ghulam Ishaq Khan Institute of Science & Technology
Pakistan,Gift University
Pakistan,Gomal University
Pakistan,Government College University Faisalabad
Pakistan,Government College University Lahore
Pakistan,Greenwich University
Pakistan,Hahnamann Honoeopathic Medical College
Pakistan,Hajvery University Lahore for Women
Pakistan,Hamdard University
Pakistan,Hazara University
Pakistan,Hitec University
Pakistan,Indus Institute of Higher Education
Pakistan,Institute of Business Administration (IBA)
Pakistan,Institute of Business Administration Sukkur
Pakistan,Institute of Business Management 
Pakistan,Institute of Business & Technology
Pakistan,Institute of Industrial Electronics Engineering
Pakistan,Institute of Management Sciences, Lahore (IMS)
Pakistan,Institute of Management Sciences, Peshawar
Pakistan,Institute of Space Technology
Pakistan,International Islamic University, Islamabad
Pakistan,Iqra University
Pakistan,Islamia University of Bahawalpur
Pakistan,Isra University
Pakistan,Jinnah University for Women
Pakistan,Karachi Institute Of Economics And Technology
Pakistan,Karachi Institute of Information Technology
Pakistan,Karachi Medical and Dental College
Pakistan,Karachi School of Art
Pakistan,Karakoram International University
Pakistan,KASB Institute of Technology
Pakistan,Kohat University of Science and Technology  (KUST)
Pakistan,Lahore College for Women University
Pakistan,Lahore University of Management Sciences
Pakistan,Liaquat University of Medical & Health Sciences Jamshoro
Pakistan,Mehran University of Engineering & Technology
Pakistan,Minhaj University Lahore
Pakistan,Mohammad Ali Jinnah University
Pakistan,Mohammad Ali Jinnah University, Karachi
Pakistan,Mohi-ud-Din Islamic University
Pakistan,Mooreland University
Pakistan,National College of Arts
Pakistan,National University of Computer & Emerging Sciences
Pakistan,National University of Modern Languages
Pakistan,National University of Science and Technology
Pakistan,NED University of Engineering and Technology Karachi
Pakistan,Newports Institute of Communication & Economics
Pakistan,North West Frontier Province Agricultural University
Pakistan,Nuclear Institute for Agriculture and Biology (NIAB)
Pakistan,Pak-AIMS (American Institute of Management Sciences)
Pakistan,Pakistan Institute of Engineering and Applied Sciences (PIEAS)
Pakistan,Pakistan Virtual University
Pakistan,Planwel University
Pakistan,Preston Institute of Management Sciences and Technology (PIMSAT)
Pakistan,Preston University, Pakistan Campus
Pakistan,Punjab Institute of Computer science
Pakistan,Punjab University College of Information Tecnology
Pakistan,Pyramid Education Center
Pakistan,Qauid-e-Awam University of Engineering Sciences & Technology
Pakistan,Quaid-i-Azam University
Pakistan,Qurtuba University of Science and Infromation Technology
Pakistan,Riphah International Univeristy
Pakistan,Sarhad University of Science & Information Technology, Peshawar 
Pakistan,Shah Abdul Latif University Khairpur
Pakistan,Shaheed Benazir Bhutto Women University 
Pakistan,Shaheed Zulifkar Ali Bhutto Institute of Science and Technology
Pakistan,Sindh Agricultural University
Pakistan,Sindh Madressatul Islam University
Pakistan,Sir Syed Institute Of Technology Islamabad
Pakistan,Sir Syed University of Engineering and Technology
Pakistan,Textile Institute of Pakistan
Pakistan,The Global College Lahore
Pakistan,The Government Sadiq College Women University Bahawalpur
Pakistan,The Superior College 
Pakistan,University of Agriculture Faisalabad
Pakistan,University of Balochistan
Pakistan,University of Central Punjab
Pakistan,University of East
Pakistan,University of Education
Pakistan,University of Engineering and Technology Lahore
Pakistan,University of Engineering and Technology Peshawar
Pakistan,University of Engineering and Technology Taxila
Pakistan,University of Faisalabad
Pakistan,University of Gujrat
Pakistan,University of Islamic Studies
Pakistan,University of Karachi
Pakistan,University of Lahore
Pakistan,University of Malakand
Pakistan,University of Management and Technology
Pakistan,University of Munawwar-ul-Islam
Pakistan,University of NorthWest
Pakistan,University of Peshawar
Pakistan,University of Sargodha
Pakistan,University of Science & Technology Bannu
Pakistan,University of Sindh
Pakistan,University of South Asia
Pakistan,University of the Punjab
Pakistan,University of the Punjab, Gujranwala Campus
Pakistan,University of Veterinary & Animal Science
Pakistan,University of Wah
Pakistan,Virtual University of Pakistan
Pakistan,Wah Medical College
Pakistan,Zawiya Academy
Pakistan,Zia-ud-Din Medical University
Poland,Academy of Economics in Cracow
Poland,Academy of Economics in Katowice
Poland,Academy of Economics in Poznan
Poland,Academy of Economics in Wroclaw
Poland,Academy of Humanities and Economics in Lodz
Poland,Academy of International Economic and Political Relations, Gdynia
Poland,Adam Mickiewicz University of Poznan
Poland,AGH University of Science and Technology
Poland,Agricultural-Technical Academy in Olsztyn
Poland,Agricultural University of Cracow
Poland,Agricultural University of Lublin
Poland,Agricultural University of Poznan
Poland,Agricultural University of Szczecin
Poland,Agricultural University of Warsaw
Poland,Agricultural University of Wroclaw
Poland,Akademia Podlaska
Poland,Aleksander Gieysztor School of Humanities in Pultusk
Poland,Aleksander Zelwerowicz State Theatre Academy
Poland,Andrzej Frycz Modrzewski Cracow College
Poland,Cardinal Stefan Wyszynski University in Warsaw
Poland,Catholic University of Lublin
Poland,Christian Theological Academy in Warszaw
Poland,College of Computer Science in Lodz
Poland,Collegium Civitas
Poland,European Academy of Arts in Warsaw
Poland,Fine Arts Academy in Gdansk
Poland,Fine Arts Academy in Katowice
Poland,Fine Arts Academy in Poznan
Poland,Fine Arts Academy in Warsaw
Poland,Fine Arts Academy in Wroclaw
Poland,Fine Arts Academy Jan Matejko in Cracow
Poland,Fine Arts Academy ¬ìWladyslaw Strzeminski¬î in Lodz
Poland,French Institute of Management
Poland,Gdansk Management College
Poland,Gdynia Maritime Academy
Poland,Higher School o Business in Tarnow
Poland,Higher School o Business/National Louis University(WSB/NLU) in Nowy Sacz
Poland,Jagiellonian University Cracow
Poland,JÛzef Tyszkiewicz College of Business and Computer Science in Bielsko-Biala
Poland,JÛzef Tyszkiewicz College of Business and Computer Science in Bielsko-Biala
Poland,Katowice School of Economics
Poland,Lazarski School of Commerce and Law
Poland,Leon Kozminski Academy of Entrepreneurship and Mangement
Poland,Leon Kozminski Academy of Entrepreneurship and Mangement in Warsaw
Poland,Ludwik Solski State Academy of Theatre in Cracow
Poland,Maria Curie-Sklodowska University Lublin
Poland,Maria Grzegorzewska College for Special Education
Poland,Maritime University in Szczecin
Poland,Medical Academy in Bialystok
Poland,Medical Academy in Gdansk
Poland,Medical Academy in Lodz
Poland,Medical Academy in Lublin
Poland,Medical Academy in Warszawa
Poland,Medical Academy in Wroclaw
Poland,Medical Academy ¬ìKarol Marcinkowski¬î in Poznan
Poland,Medical Academy ¬ìLudwik Rydygier¬î in Bydgoszcz
Poland,Music Academy Felix Nowowiejski in Bydgoszcz
Poland,Music Academy Fryderyk Chopin in Warszaw
Poland,Music Academy Ignacy Jana Paderewski in Poznan
Poland,Music Academy in Cracow
Poland,Music Academy in Lodz
Poland,Music Academy Karol Lipinski in Wroclaw
Poland,Music Academy Karol Szymanowski in Katowice
Poland,Music Academy Stanislaw Moniuszko in Gdansk
Poland,Nicolaus Copernicus University of Torun
Poland,Pawel Wlodkowic University College in Plock
Poland,Pedagogical University of Bydgoszcz
Poland,Pedagogical University of Czestochowa
Poland,Pedagogical University of Kielce
Poland,Pedagogical University of Krakow
Poland,Pedagogical University of Rzeszow
Poland,Pedagogical University of Slupsk
Poland,Pedagogical University of the Polish Association for Adult Education in Warsaw
Poland,Pedagogical University of Zielona Gora
Poland,Physical Education Academy Eugeniusz Piasecki in Poznan
Poland,Physical Education Academy in Katowice
Poland,Physical Education Academy in Wroclaw
Poland,Physical Education Academy Jedrzej Sniadecki in Gdansk
Poland,Physical Education Academy Jozef Pilsudski in Warsaw
Poland,Polish-Japanese Institute of Information Technology in Warsaw
Poland,Polish Open University in Warsaw (WSZ/POU)
Poland,Polonia University in CzÌ™stochowa
Poland,Pomeranian Academy of Medicine in Szczecin
Poland,Poznan School of Banking
Poland,Poznan University of Life Sciences
Poland,Ryszard Lazarski University of Commerce and Law in Warsaw
Poland,School of Banking and Management in Cracow
Poland,Silesian Academy of Medicine in Katowice
Poland,Silesian School of Economics and Languages
Poland,Silesian Technical University of Gliwice
Poland,Staszic Pila College
Poland,State Film, Television and Theatre Higher School ¬ìLeon Schiller¬î in Lodz
Poland,Teacher Training College of Revalidation, Rehabilitation and Physical Education
Poland,Technical University of Bialystok
Poland,Technical University of Cracow
Poland,Technical University of Czestochowa
Poland,Technical University of Gdansk
Poland,Technical University of Kielce
Poland,Technical University of Koszalin
Poland,Technical University of Lodz
Poland,Technical University of Lublin
Poland,Technical University of Opole
Poland,Technical University of Poznan
Poland,Technical University of Radom
Poland,Technical University of Rzeszow
Poland,Technical University of Szczecin
Poland,Technical University of Warsaw
Poland,Technical University of Wroclaw
Poland,Technical University of Zielona Gora
Poland,University of Bialystok
Poland,University of Finance and Management in Bialystok
Poland,University of Gdansk
Poland,University of Information Technology and Management in Rzeszow
Poland,University of Insurance and Banking in Warsaw
Poland,University of Lodz
Poland,University of Lower Silesia of the Association for the Advancement of Education in Wroclaw.
Poland,University of Management and Marketing
Poland,University of Opole
Poland,University of Silesia
Poland,University of Szczecin
Poland,University of Technology and Life Sciences
Poland,University of Wamia and Masuria in Olsztyn
Poland,University of Warsaw
Poland,University of Wroclaw
Poland,University School of Physical Education
Poland,Walcz College
Poland,Warsaw School of Economics
Poland,Warsaw School of Information Technology
Poland,Warsaw School of Social Psychology
Poland,West Pomeranian Business School in Szczecin
Poland,Zachodniopomorska School of Science and Engineering
Puerto Rico,Caribbean University
Puerto Rico,Centro de Estudios Avanzados de Puerto Rico y el Caribe
Puerto Rico,Pontificia Universidad Catolica de Puerto Rico
Puerto Rico,San Juan Bautista School of Medicine
Puerto Rico,Universidad Ana G. MÈndez
Puerto Rico,Universidad Central de BayamÛn
Puerto Rico,Universidad Central del Caribe
Puerto Rico,Universidad del Sagrado Corazon
Puerto Rico,Universidad del Turabo
Puerto Rico,Universidad de Puerto Rico
Puerto Rico,Universidad de Puerto Rico, Aguadilla
Puerto Rico,Universidad de Puerto Rico, Arecibo
Puerto Rico,Universidad de Puerto Rico, Bayamon
Puerto Rico,Universidad de Puerto Rico, Carolina
Puerto Rico,Universidad de Puerto Rico, Cayey
Puerto Rico,Universidad de Puerto Rico, Ciencias Medicas
Puerto Rico,Universidad de Puerto Rico, Humacao
Puerto Rico,Universidad de Puerto Rico, Mayaguez
Puerto Rico,Universidad de Puerto Rico, Ponce
Puerto Rico,Universidad de Puerto Rico, Rio Pedras
Puerto Rico,Universidad de Puerto Rico, Utuado
Puerto Rico,Universidad Interamericana de Puerto Rico
Puerto Rico,Universidad Interamericana de Puerto Rico, BayamÛn
Puerto Rico,Universidad Interamericana de Puerto Rico, San GermÌ°n
Puerto Rico,Universidad Metropolitana
Puerto Rico,Universidad Politecnica de Puerto Rico
Palestine, State of,Al-Aqsa University
Palestine, State of,Al-Azhar University of Gaza
Palestine, State of,Al-Quds Open University
Palestine, State of,Al-Quds University - The Arab University in Jerusalem
Palestine, State of,An-Najah National University
Palestine, State of,Arab American University - Jenin
Palestine, State of,Bethlehem University
Palestine, State of,Birzeit University
Palestine, State of,Hebron University
Palestine, State of,Islamic University of Gaza
Palestine, State of,Palestine Polytechnic University
Palestine, State of,Palestine Technical College-Dier Elbalah
Palestine, State of,Palestine Technical University - Kadoorie
Palestine, State of,Ummah University
Palestine, State of,University College of Applied Sciences
Palestine, State of,University of Palestine
Portugal,Academia Nacional Superior de Orquesta
Portugal,Escola Nautica Infante D. Henrique
Portugal,Escola Superior de Artes e Design
Portugal,Escola Superior de Hotelaria e Turismo do Estoril
Portugal,European University Portugal
Portugal,Instituto de Artes Visuais, Design e Marketing - IADE
Portugal,Instituto Piaget
Portugal,Instituto PolitÈcnico da Guarda
Portugal,Instituto PolitÈcnico de Beja
Portugal,Instituto PolitÈcnico de BraganÁa
Portugal,Instituto PolitÈcnico de Castelo Branco
Portugal,Instituto PolitÈcnico de Coimbra
Portugal,Instituto PolitÈcnico de Leiria
Portugal,Instituto PolitÈcnico de Lisboa
Portugal,Instituto PolitÈcnico de Portalegre
Portugal,Instituto PolitÈcnico de SantarÈm
Portugal,Instituto PolitÈcnico de Set˙bal
Portugal,Instituto PolitÈcnico de Tomar
Portugal,Instituto PolitÈcnico de Viana do Castelo
Portugal,Instituto PolitÈcnico do C·vado e do Ave
Portugal,Instituto Politecnico do Porto
Portugal,Instituto Superior Bissaya Barreto
Portugal,Instituto Superior D. Afonso III - INUAF
Portugal,Instituto Superior de Assistentes e IntÈrpretes
Portugal,Instituto Superior de CiÌ™ncias do Trabalho e da Empresa
Portugal,Instituto Superior de CiÌ™ncias Educativas
Portugal,Instituto Superior de CiÌ™ncias Empresariais e de Turismo
Portugal,Instituto Superior de Entre Douro e Vouga
Portugal,Instituto Superior de Gest„o - ISG
Portugal,Instituto Superior de InformÌ°tica e Gest„o
Portugal,Instituto Superior de LÌ≠nguas e AdministraÁ„o
Portugal,Instituto Superior de PaÁos de Brand„o
Portugal,Instituto Superior de Psicologia Aplicada
Portugal,Instituto Superior de SaÌ∫de do Alto Ave
Portugal,Instituto Superior de Tecnologias AvanÁadas - ISTEC
Portugal,Instituto Superior de Transportes e ComunicaÁÌµes
Portugal,Instituto Superior Novas ProfissÌµes - INP
Portugal,Instituto Superior PolitÈcnico Gaya
Portugal,Universidade Aberta Lisboa
Portugal,Universidade AtlÌ¢ntica
Portugal,Universidade AutÛnoma de Lisboa LuÌ≠s de Camoes
Portugal,Universidade Catolica Portuguesa
Portugal,Universidade da Beira Interior
Portugal,Universidade da Madeira
Portugal,Universidade de Aveiro
Portugal,Universidade de Coimbra
Portugal,Universidade de Evora
Portugal,Universidade de Lisboa
Portugal,Universidade de Tras-os-Montes e Alto Douro
Portugal,Universidade do Algarve
Portugal,Universidade do Minho
Portugal,Universidade do Porto
Portugal,Universidade dos Acores
Portugal,Universidade Fernando Pessoa
Portugal,Universidade Independente
Portugal,Universidade Internacional Lisboa
Portugal,Universidade Lusiada
Portugal,Universidade LusÛfona de Humanidades e Technologias
Portugal,Universidade Moderna de Lisboa
Portugal,Universidade Nova de Lisboa
Portugal,Universidade Portucalense Infante D. Henrique
Portugal,Universidade Tecnica de Lisboa
Paraguay,Universidad Americana
Paraguay,Universidad AutÛnoma de AsunciÛn
Paraguay,Universidad AutÛnoma del Paraguay
Paraguay,Universidad CatÛlica Nuestra Senora de la AsunciÛn
Paraguay,Universidad Columbia del Paraguay
Paraguay,Universidad Comunera
Paraguay,Universidad de la IntegraciÛn de las Americas (UNIDAD)
Paraguay,Universidad del Cono Sur de las AmÈricas
Paraguay,Universidad del Norte
Paraguay,Universidad Metropolitana de AsunciÛn
Paraguay,Universidad Nacional de AsunciÛn
Paraguay,Universidad Nacional del Este
Paraguay,Universidad Privada del Este
Qatar,Northwestern University In Qatar
Qatar,University of Qatar
RÈunion,UniversitÈ de la Reunion
Romania,1 December University of Alba Iulia
Romania,Academia de Studii Economice din Bucuresti
Romania,Academia Tehnica Militara
Romania,Academy of Arts George Enescu Iasi
Romania,Academy of Music Georghe Dima Cluj-Napoca
Romania,AISTEDA
Romania,Babes-Bolyai University of Cluj-Napoca
Romania,Banat's University of Agricultural Sciences
Romania,Constantin Brancoveanu University Pitesti
Romania,Emanuel University
Romania,Institute of Architecture Ion Mincu Bucharest
Romania,Maritime University Constanta
Romania,National Academy for Physical Education and Sports Bucharest
Romania,National School of Political and Administrative Studies Bucharest
Romania,National University of Arts
Romania,National University of Music
Romania,National University of Theater and Film Arts
Romania,North University of Baia Mare
Romania,Oradea University
Romania,Petru Maior University of Targu Mures
Romania,Romanian-American University
Romania,Spiru Haret University
Romania,Targu-Mures University of Theatre
Romania,Technical University of Civil Engineering Bucharest
Romania,Technical University of Cluj-Napoca
Romania,Technical University of Iasi
Romania,Technical University of Timisoara
Romania,Universitatea de Vest Vasile Goldi&#351; 
Romania,University Aurel Vlaicu Arad
Romania,University Lucian Blaga of Sibiu
Romania,University of Agriculture and Veterinary Medicine Bucharest
Romania,University of Agriculture and Veterinary Medicine Cluj-Napoca
Romania,University of Agriculture and Veterinary Medicine Iasi
Romania,University of Agriculture and Veterinary Medicine Timisoara
Romania,University of Art and Design Cluj-Napoca
Romania,University of Bacau
Romania,University of Bucharest
Romania,University of Constanta
Romania,University of Constanta Medical School
Romania,University of Craiova
Romania,University of Galatzi
Romania,University of Iasi
Romania,University of Medicine and Pharmacology of Oradea
Romania,University of Medicine and Pharmacy of Bucharest
Romania,University of Medicine and Pharmacy of Cluj-Napoca
Romania,University of Medicine and Pharmacy of Iasi
Romania,University of Medicine and Pharmacy of Targu Mures
Romania,University of Medicine and Pharmacy of Timisoara
Romania,University of Oradea
Romania,University of Petrosani
Romania,University of Pitesti
Romania,University of Resita
Romania,University of Sibiu
Romania,University of Suceava
Romania,University of Targu Jiu
Romania,University Oil- Gas Ploiesti
Romania,University Petre Andrei Iasi
Romania,University Politehnica of Bucharest
Romania,University Titu Maiorescu
Romania,University Transilvany of Brasov
Romania,Valahia University of Targoviste
Romania,West University of Timisoara
Serbia,Drzavni Univerzitet u Novom Pazaru
Serbia,European University
Serbia,International University of Novi Pazar
Serbia,Megatrend University of Applied Sciences
Serbia,Metropolitan University
Serbia,Privredna Akademija (Business Academy)
Serbia,Singidunum University
Serbia,University of Belgrade
Serbia,University of Fine Arts Belgrade
Serbia,University of Kragujevac
Serbia,University of Nis
Serbia,University of Novi Sad
Serbia,University of Pri≈°tina
Russian Federation,Academy of Management and Entrepreneurship
Russian Federation,Adygeja State University
Russian Federation,Altai State Medical University
Russian Federation,Altai State Technical University
Russian Federation,Altai State University
Russian Federation,Amur State University
Russian Federation,Arhangelsk State Technical University
Russian Federation,Astrahan State Medical Academy
Russian Federation,Astrahan State Technical University
Russian Federation,Astrakhan State University
Russian Federation,Baikal National University of Economics and Law
Russian Federation,Baltic State Technical University
Russian Federation,Bashkir State Agrarian University
Russian Federation,Bashkir State Medical University
Russian Federation,Bashkir State Pedagogical University named After M. Akmullah
Russian Federation,Bashkir State University
Russian Federation,Bauman Moscow State Technical University
Russian Federation,Belgorod State Agricultural Academy
Russian Federation,Belgorod State Technical University
Russian Federation,Belgorod State University
Russian Federation,Birsk State Pedagogical Institute
Russian Federation,Biysk State Padagogical University after V.M. Shukshin 
Russian Federation,Bratsk State Technical University
Russian Federation,Brjansk State Technical University
Russian Federation,Burjat State University
Russian Federation,Cheljabinsk State Institute of Teacher Training
Russian Federation,Cheljabinsk State University
Russian Federation,Cheljabinsk University of Agricultural Engineering
Russian Federation,Chuvash State University
Russian Federation,Dagestan State University
Russian Federation,Don State Agrarian University
Russian Federation,Don State Technical University
Russian Federation,Dubna International University for Nature, Society and Man
Russian Federation,East-Siberian State Institute of Culture
Russian Federation,East-Siberian State University
Russian Federation,East-Siberian State University of Technology
Russian Federation,European University at St.Petersburg
Russian Federation,Far Easten State University of Humanities
Russian Federation,Far Eastern State Technical Fisheries University
Russian Federation,Far Eastern State Technical University
Russian Federation,Far Eastern State University
Russian Federation,Far East State Transport University
Russian Federation,Finance Academy
Russian Federation,Gnesins Russian Academy of Music
Russian Federation,Gorno-Altaisk State University
Russian Federation,Gubkin Russian State University of Oil and Gas
Russian Federation,Herzen State Pedagogical University of Russia
Russian Federation,Higher School of Economics
Russian Federation,Immanuel Kant State University of Russia
Russian Federation,I.M. Sechenov Moscow Medical Academy
Russian Federation,Institute for the Economy in Transition
Russian Federation,Institute of Business and Politics
Russian Federation,Institute of Management and Economy
Russian Federation,International Banking Institute, St. Petersburg
Russian Federation,International East-European University
Russian Federation,International University of Engineering, Moscow
Russian Federation,International University of Fundamental Studies, St. Petersburg
Russian Federation,Irkutsk State Academy of Economics
Russian Federation,Irkutsk State Technical University
Russian Federation,Irkutsk State University
Russian Federation,Ivanovo State Academy of Medicine
Russian Federation,Ivanovo State Power University
Russian Federation,Ivanovo State Textile Academy
Russian Federation,Ivanovo State University
Russian Federation,Ivanovo State University of Chemistry and Technology
Russian Federation,Izhevsk State Technical University
Russian Federation,Jewish University in Moscow
Russian Federation,Kabardino-Balkarian State University
Russian Federation,Kaliningrad State Technical University
Russian Federation,Kalmyk State University
Russian Federation,Kaluga State Pedagogical University
Russian Federation,Kamchatka State University Vitus Bering
Russian Federation,Karelian State Pedagogical University
Russian Federation,Kazan State Academy of Architecture and Civil Engineering
Russian Federation,Kazan State Finance and Economics Institute 
Russian Federation,Kazan State Music Conservatory
Russian Federation,Kazan State Pedagogical University
Russian Federation,Kazan State University
Russian Federation,Kazan State University of Medicine
Russian Federation,Kazan State University of Technology
Russian Federation,Kemerovo State University
Russian Federation,Khabarovsk State Academy of Economics and Law
Russian Federation,Khabarovsk State University of Technology
Russian Federation,Komsomolsk-on-Amur State Technical University
Russian Federation,Kostroma State Technological University
Russian Federation,Krasnoyarsk State Technical University
Russian Federation,Kuban State University
Russian Federation,Kuban State University of Agriculture
Russian Federation,Kuban State University of Technology
Russian Federation,Kurgan International University
Russian Federation,Kursk State Medical University
Russian Federation,Kursk State Technical University
Russian Federation,Kursk State University
Russian Federation,Kuzbass State Technical University
Russian Federation,Linguistic University of Nizhny Novgorod
Russian Federation,Lipeck State Technical University
Russian Federation,Magnitogorsk State University
Russian Federation,Marij State Technical University
Russian Federation,Marij State University
Russian Federation,Maxim Gorky Institute of Literature
Russian Federation,Mendeleev Russian University of Chemical Technology
Russian Federation,Modern Institute of Managament
Russian Federation,Modern University for the Humanities
Russian Federation,Mordovian State University
Russian Federation,Moscow External University of the Humanities
Russian Federation,Moscow Institute of Physics and Technology
Russian Federation,Moscow International Higher Business School (MIRBIS)
Russian Federation,Moscow P. I. Tchaikovsky Conservatory
Russian Federation,Moscow Power Engineering Institute (Technical University)
Russian Federation,Moscow State Academy of Applied Biotechnology
Russian Federation,Moscow State Automobile and Road Technical University
Russian Federation,Moscow State Industrial University
Russian Federation,Moscow State Institute of International Relations MFA Russia (MGIMO-University)
Russian Federation,Moscow State Institute of Radiotechnics, Electronics and Automation (Technical University)
Russian Federation,Moscow State Institute of Steel and Alloys
Russian Federation,Moscow State Technical University of Civil Aviation
Russian Federation,Moscow State Textile University A.N. Kosygin
Russian Federation,Moscow State University
Russian Federation,Moscow State University M.V. Lomonosov
Russian Federation,Moscow State University of Civil Engineering
Russian Federation,Moscow State University of Commerce
Russian Federation,Moscow State University of Culture
Russian Federation,Moscow State University of Ecological Engineering
Russian Federation,Moscow State University of Economics, Statistics and Informatics
Russian Federation,Moscow State University of Environmental Engineering
Russian Federation,Moscow State University of Forestry Engineering
Russian Federation,Moscow State University of Geodesy and Cartography
Russian Federation,Moscow State University of Railway Transport
Russian Federation,Moscow State University of Technology (Stankin)
Russian Federation,Moscow Technical University of Informatics and Communication
Russian Federation,Moscow University Touro
Russian Federation,Murmansk State Technical University
Russian Federation,National Research University of Electronic Technology
Russian Federation,Nayanova University
Russian Federation,Nevsky Institute of Language and Culture
Russian Federation,New Economic School
Russian Federation,NGO Vladikavkaz Institute of Economics, Management, and Law
Russian Federation,Nizhny Novgorod State Academy of Medicine
Russian Federation,Nizhny Novgorod State Architectural - Building University
Russian Federation,Nizhny Novgorod State Technical University
Russian Federation,Nizhny Novgorod State University
Russian Federation,Northern State Medical University
Russian Federation,North Ossetian State University
Russian Federation,North-West State Technical University
Russian Federation,Novgorod State University
Russian Federation,Novosibirsk State Academy of Economics and Mangement
Russian Federation,Novosibirsk State Agricultural University
Russian Federation,Novosibirsk State Medical Academy
Russian Federation,Novosibirsk State Music Academy M. Glinka
Russian Federation,Novosibirsk State Technical University
Russian Federation,Novosibirsk State University
Russian Federation,Obninsk State Technical University for Nuclear Power Engineering
Russian Federation,Omsk State Agrarian University
Russian Federation,Omsk State Medicical Academy
Russian Federation,Omsk State Pedagogical University
Russian Federation,Omsk State Technical University
Russian Federation,Omsk State Transport University
Russian Federation,Omsk State University
Russian Federation,Orenburg State University
Russian Federation,Oriental University
Russian Federation,Penza State University
Russian Federation,People' s Friendship University of Russia
Russian Federation,Perm State Academy of Agriculture
Russian Federation,Perm State Medical Academy
Russian Federation,Perm State Pedagogical University
Russian Federation,Perm State Pharmaceutical Academy
Russian Federation,Perm State Technical University
Russian Federation,Perm State University
Russian Federation,Petrozavodsk State University
Russian Federation,Pjatigorsk State Linguistic University
Russian Federation,Plekhanov Russian Academy of Economics
Russian Federation,Pomorsk State University
Russian Federation,Pomor State University
Russian Federation,Rostov State Medical University
Russian Federation,Rostov State University
Russian Federation,Russian Academy of Arts
Russian Federation,Russian Academy of Theatre Arts
Russian Federation,Russian Customs Academy, Vladivostok Branch
Russian Federation,Russian State Geological Prospecting University 
Russian Federation,Russian State Hydrometeorological University
Russian Federation,Russian State Medical University
Russian Federation,Russian State University for the Humanities
Russian Federation,Ryazan State Pedagogical University
Russian Federation,Rybinsk State Academy of Aviational Technology
Russian Federation,Sakhalin State University
Russian Federation,Samara State Academy for Railway Transportation
Russian Federation,Samara State Academy of Architecture and Civil Engineering
Russian Federation,Samara State Aerospace University
Russian Federation,Samara State Agricultural Academy
Russian Federation,Samara State Medical University
Russian Federation,Samara State Technical University
Russian Federation,Samara State University
Russian Federation,Samara State University of Economics
Russian Federation,Samara State University of Teacher Training
Russian Federation,Saratov State Academy of Law
Russian Federation,Saratov State Agrarian University
Russian Federation,Saratov State Medical University
Russian Federation,Saratov State Socio-Economic University
Russian Federation,Saratov State Technical University
Russian Federation,Saratov State University
Russian Federation,Siberian Academy of Public Services
Russian Federation,Siberian State Industrial University
Russian Federation,Siberian State Medical University
Russian Federation,Siberian State Transport University
Russian Federation,Siberian State University of Telecommunications and Informatics
Russian Federation,Skrjabin Moscow State Academy of Veterinary Medicine and Biotechnology
Russian Federation,Smolensk Humanitarian University
Russian Federation,Smolensk State Medical Academy
Russian Federation,Smolny University
Russian Federation,Southern Ural State University
Russian Federation,State Maritine Academy
Russian Federation,State University of Aerospace Technologies
Russian Federation,State University of Management
Russian Federation,Stavropol State Technical University
Russian Federation,Stavropol State University
Russian Federation,Sterlitamak State Pedagogical Institute
Russian Federation,St. Petersburg Institute of Arts and Restoration
Russian Federation,St. Petersburg Institute of Sales Management and Economics
Russian Federation,St. Petersburg Repin State Academic Institute of Painting Sculpture and Achitecture
Russian Federation,St. Petersburg State Academy for Engineering Economics (ENGECON)
Russian Federation,St. Petersburg State Agrarian University
Russian Federation,St. Petersburg State Chemical Pharmaceutical Academy
Russian Federation,St. Petersburg State Cinema and TV University
Russian Federation,St. Petersburg State Conservatory
Russian Federation,St. Petersburg State Electrotechnical University
Russian Federation,St. Petersburg State Forest-Technical Academy
Russian Federation,St. Petersburg State Institute of Technology (Technological University)
Russian Federation,St. Petersburg State Marine Technical University
Russian Federation,St. Petersburg StateMechnikov  Medical Academy
Russian Federation,St. Petersburg State Medical Academy
Russian Federation,St. Petersburg State Mining Institute (Technical University)
Russian Federation,St. Petersburg State Mountain Institut
Russian Federation,St. Petersburg State Pediatric Medical Academy
Russian Federation,St. Petersburg State Polytechnical University
Russian Federation,St. Petersburg State Technical University
Russian Federation,St. Petersburg State Technological University of Plant Polymers
Russian Federation,St. Petersburg State Theatre Arts Academy
Russian Federation,St. Petersburg State University
Russian Federation,St. Petersburg State University of Aerospace Instrumentation
Russian Federation,St. Petersburg State University of Architecture and Civil Engineering
Russian Federation,St. Petersburg State University of Civil Aviation
Russian Federation,St. Petersburg State University of Culture and Arts
Russian Federation,St. Petersburg State University of Culture and Arts
Russian Federation,St. Petersburg State University of Economics and Finance
Russian Federation,St. Petersburg State University of Engineering and Economics
Russian Federation,St. Petersburg State University of Information Technologies, Mechanics and Optics
Russian Federation,St. Petersburg State University of Technology and Design
Russian Federation,St. Petersburg State University of Telecommunication
Russian Federation,St. Petersburg State University of Waterway Communications
Russian Federation,Surgut State University
Russian Federation,Syktyvkar State University
Russian Federation,Taganrog State Pedagogical Institute
Russian Federation,Taganrog State University of Radioengineering
Russian Federation,Tambov State Technical University
Russian Federation,Timirjazev Moscow Academy of Agricultutre
Russian Federation,Togliatti State University
Russian Federation,Tomsk Polytechnic University
Russian Federation,Tomsk State Pedagogical University
Russian Federation,Tomsk State University
Russian Federation,Tomsk State University of Architecture and Building
Russian Federation,Tomsk State University of Control Systems and Radioelectronics
Russian Federation,Tula State University
Russian Federation,Tuva State University
Russian Federation,Tver State Medical Academy
Russian Federation,Tver State Technical University
Russian Federation,Tver State University
Russian Federation,Tyumen State Agricultural Academy
Russian Federation,Tyumen State University
Russian Federation,Tyumen State University of Gas and Oil
Russian Federation,Udmurt State University
Russian Federation,Ufa State Aviation Technical University
Russian Federation,Ufa State Institute of Arts
Russian Federation,Ufa State Petroleum Technological University
Russian Federation,Ukhta State Technical University
Russian Federation,Ulyanovsk Higher School of Civil Aviation
Russian Federation,Ulyanovsk State Agricultural Academy
Russian Federation,Ulyanovsk State Pedagogical University
Russian Federation,Ulyanovsk State Technical University
Russian Federation,Ulyanovsk State University
Russian Federation,Ural Academy of Public Administration
Russian Federation,Ural Gorkij State University
Russian Federation,Ural State Academy of Architecture and Arts
Russian Federation,Ural State Academy of Law
Russian Federation,Ural State Academy of Mining and Geology
Russian Federation,Ural State Academy of Railway Transport
Russian Federation,Ural State Conservatory
Russian Federation,Ural State Forestry Technical Academy
Russian Federation,Ural State Technical University
Russian Federation,Ural State University of Economics
Russian Federation,Vaganova Academy of Russian Ballet
Russian Federation,Vladimir State University
Russian Federation,Vladivostock State University of Economics
Russian Federation,Volga State Academy of Water Transport
Russian Federation,Volgograd Medical Academy
Russian Federation,Volgograd State Academy of Physical Education
Russian Federation,Volgograd State Pedagogical University
Russian Federation,Volgograd State Technical University
Russian Federation,Volgograd State University
Russian Federation,Volgograd State University of Architecture and Civil Engineering (VolgGASU)
Russian Federation,Vologda State Pedagogical University
Russian Federation,Voronezh State Academy of Technology
Russian Federation,Voronezh State Agricultural University
Russian Federation,Voronezh State Medical Academy
Russian Federation,Voronezh State Pedagogical University
Russian Federation,Voronezh State Technical University
Russian Federation,Voronezh State University
Russian Federation,Vyatka State Pedagogical University
Russian Federation,Yakutsk State University
Russian Federation,Yaroslavl International University of Business and New Technologies
Russian Federation,Yaroslavl State Medical Academy
Russian Federation,Yaroslavl State Pedagogical University
Russian Federation,Yaroslavl State Technical University
Russian Federation,Yaroslavl State Theatre Institute
Russian Federation,Yaroslavl State University
Russian Federation,Yelets State University
Russian Federation,Yugra State University
Rwanda,Adventist University of Central Africa
Rwanda,Higher Institute of Agriculture and Animal Husbandry
Rwanda,Institut d'Agriculture, de Technologie et d'Education de Kibungo
Rwanda,Kigali Health Institute
Rwanda,Kigali Independent University
Rwanda,Kigali Institute of Education
Rwanda,Kigali Institute of Science & Technology
Rwanda,National University of Rwanda
Rwanda,School of Finance and Banking
Rwanda,Umutara Polytechnic
Rwanda,UniversitÈ Catholique de Kabgayi
Saudi Arabia,Al-baha University
Saudi Arabia,Al-Batterjee Medical College
Saudi Arabia,Alfaisal University
Saudi Arabia,Al-Imam Mohamed Ibn Saud Islamic University
Saudi Arabia,Aljouf University
Saudi Arabia,Alkharj University
Saudi Arabia,Al-Yamamah College
Saudi Arabia,Arab Open University
Saudi Arabia,Batterjee Medical College
Saudi Arabia,Buraydah College for Applied Medical Sciences
Saudi Arabia,College of Busniess Admnistration
Saudi Arabia,College of Nursing and Allied Health Scinces
Saudi Arabia,College of Technology at Abha
Saudi Arabia,College of Technology at Dammam
Saudi Arabia,College of Technology at Jazan
Saudi Arabia,College of Technology at Jeddah
Saudi Arabia,College of Technology at Kharj
Saudi Arabia,College of Technology at Riyadh
Saudi Arabia,College of Telecommunication & Information 
Saudi Arabia,Dammam Community College
Saudi Arabia,Dar al Hekma College
Saudi Arabia,Dar Al-Uloom Colleges
Saudi Arabia,Effat College
Saudi Arabia,Fahad Bin Sultan University
Saudi Arabia,Ibn Sina National College for Medical Studies 
Saudi Arabia,Institute of Public Administration
Saudi Arabia,Islamic University of Medinah
Saudi Arabia,Jazan University
Saudi Arabia,Jubail Industrial College
Saudi Arabia,Jubail University College
Saudi Arabia,King Abdul Aziz University
Saudi Arabia,King Abdullah University of Science and Technology 
Saudi Arabia,King Fahad University of Petroleum and Minerals
Saudi Arabia,King Fahd Security College
Saudi Arabia,King Faisal University
Saudi Arabia,King Khaled University
Saudi Arabia,King Saud bin Abdulaziz University for Health Sciences 
Saudi Arabia,King Saud University
Saudi Arabia,Knowledge College for Science and Technology
Saudi Arabia,Knowledge International University
Saudi Arabia,Majmaah University
Saudi Arabia,Naif Arab University for Security Sciences
Saudi Arabia,Najran University
Saudi Arabia,Northern Border University
Saudi Arabia,Prince Mohammad Bin Fahd University
Saudi Arabia,Princess Nora Bint Abdulrahman University
Saudi Arabia,Prince Sultan College for Tourism and Hotel Scinces
Saudi Arabia,Prince Sultan University
Saudi Arabia,Private College of Dentistry and Pharmacy
Saudi Arabia,Qassim Private College
Saudi Arabia,Qassim University
Saudi Arabia,Riyadh College of Dentistry and Pharmacy
Saudi Arabia,Saad College of Nursing and Allied Health Sciences
Saudi Arabia,Saudi Electronic University
Saudi Arabia,Shaqra University
Saudi Arabia,Taibah University
Saudi Arabia,Taif University
Saudi Arabia,Umm Al-Qura University
Saudi Arabia,University of Dammam
Saudi Arabia,University of Hail
Saudi Arabia,University of Tabuk
Saudi Arabia,Yanbu Industrial College
Saudi Arabia,Yanbu Technical Institute
Saudi Arabia,Yanbu University College
Solomon Islands,University of the South Pacific
Seychelles,University of Seychelles
Seychelles,University of Seychelles - American Institute of Medicine
Sudan,Ahfad University for Women
Sudan,Al Fashir University
Sudan,Al-Zaiem Al-Azhari University
Sudan,Bakht Er-Ruda University
Sudan,Bayan College for Science & Technology
Sudan,Blue Nile University
Sudan,Canadian Sudanese College
Sudan,Dalanj University
Sudan,Elrazi College Of Medical & Technological Sciences
Sudan,Gezira College of Technology
Sudan,High Institute for Banking & Financial Studies
Sudan,International University of Africa (IUA)
Sudan,Kassala University
Sudan,National College for Medical and Technical Studies
Sudan,National Ribat University
Sudan,Neelain University
Sudan,Nile Valley University
Sudan,Omdurman Ahlia University
Sudan,Omdurman Islamic University
Sudan,Open University of Sudan (OUS)
Sudan,Red Sea University
Sudan,Shendi University
Sudan,Sinnar University
Sudan,Sudan Academy of Sciences
Sudan,Sudan University for Science and Technology
Sudan,University of Dongola
Sudan,University of El Imam El Mahdi University
Sudan,University of Gadarif
Sudan,University of Gezira
Sudan,University of Holy Quran and Islamic Siences
Sudan,University of Khartoum
Sudan,University of Kordofan
Sudan,University Of Medical Sciences & Technology (UMST)
Sudan,University of Science and Technology
Sudan,Upper Nile University
Sweden,Blekinge Institute of Technology
Sweden,Chalmers University of Technology
Sweden,Dalarna University College
Sweden,Free University Stockholm
Sweden,Gˆteborg University
Sweden,Gotland University College
Sweden,Halmstad University College
Sweden,Jˆnkˆping University College
Sweden,Jˆnkˆping University College of Health Sciences
Sweden,Kalmar University College
Sweden,Karlstad University
Sweden,Karolinska Institute Stockholm
Sweden,Linkˆping University
Sweden,Lulea University of Technology
Sweden,Lund University
Sweden,MÌ§lardalen University
Sweden,Malmˆ University College
Sweden,Mid-Sweden University
Sweden,Nordic School of Public Health
Sweden,Ìñrebro University
Sweden,Royal lnstitute of Technology
Sweden,School of Design and Crafts
Sweden,Sˆdertˆrn University College
Sweden,Stockholm Institute of Education
Sweden,Stockholm School of Economics
Sweden,Stockholm University
Sweden,Swedish University of Agricultural Sciences
Sweden,Umea University
Sweden,University College of Arts, Crafts and Design
Sweden,University College of BorÌ•s
Sweden,University College of GÌ§vle
Sweden,University College of Kristianstad
Sweden,University College of Skˆvde
Sweden,University College of TrollhÌ§ttan/Uddevalla
Sweden,Uppsala University
Sweden,VÌ§xjˆ University
Sweden,World Maritime University
Singapore,Aventis School of Management
Singapore,Nanyang Technological University
Singapore,National University of Singapore
Singapore,Singapore Institute of Management (SIM)
Singapore,Singapore Management University
Singapore,Taoist College Singapore
Slovenia,University of Ljubljana
Slovenia,University of Maribor
Slovenia,University of Nova Gorica
Slovenia,University of Primorska
Slovakia,Academy of Arts in BanskÌ° Bystrica
Slovakia,Academy of Fine Arts and Design in Bratislava
Slovakia,Armed Forces Academy of General Milan Rastislav ≈†tefÌ°nik
Slovakia,Bratislava International School of Liberal Arts
Slovakia,Catholic University in Ruzomberok
Slovakia,Catholic University in Ru≈æomberok
Slovakia,College in SlÌ°dkoviƒçovo
Slovakia,Comenius University in Bratislava
Slovakia,International School of Management in Pre≈°ov
Slovakia,Janos Selye University
Slovakia,Law University of Bratislava
Slovakia,Matej Bel University in BanskÌ° Bystrica
Slovakia,Pavol Jozef Safarik University in Kosice
Slovakia,Police Academy in Bratislava
Slovakia,School of Management
Slovakia,Slovak Medical University
Slovakia,Slovak University of Agriculture in Nitra
Slovakia,Slovak University of Technology in Bratislava
Slovakia,St. Elizabeth‚Äôs College of Health and Social Sciences in Bratislava
Slovakia,Technical Institute of Dubnica in Dubnica nad VÌ°hom
Slovakia,Technical University in Kosice
Slovakia,Technical University in Zvolen
Slovakia,University Konstantina Filozov in Nitra
Slovakia,University of Alexandra Dubƒçek in TrenƒçÌ≠n
Slovakia,University of Central Europe in Skalica
Slovakia,University of Economics in Bratislava
Slovakia,University of Performing Arts in Bratislava
Slovakia,University of Presov
Slovakia,University of St. Cyril and Methodius in Trnava
Slovakia,University of SV Cyril and Methodius in Trnava
Slovakia,University of Trnava
Slovakia,University of Veterinary Medicine in Kosice
Slovakia,University of Zilinska
Sierra Leone,Fourah Bay College, University of Sierra Leone
Sierra Leone,LICCSAL Business College
Sierra Leone,Njala University
Sierra Leone,University of Sierra Leone
San Marino,University of San Marino
Senegal,L'UniversitÈ de l'Entreprise
Senegal,UniversitÈ Alioune Diop de Bambey
Senegal,Universite Amadou HampatÈ Ba
Senegal,UniversitÈ Cheikh Anta Diop
Senegal,UniversitÈ Dakar Bourguiba
Senegal,UniversitÈ de ThiËs
Senegal,UniversitÈ de Ziguinchor
Senegal,UniversitÈ du Sahel
Senegal,UniversitÈ Euro-Afrique
Senegal,UniversitÈ Gaston Berger Saint-Louis
Somalia,Amoud University
Somalia,Benadir University
Somalia,Bosaso College
Somalia,East Africa University Bosaso
Somalia,East Somalia University
Somalia,Eelo American University
Somalia,Gollis University
Somalia,Hiiraan University
Somalia,Maakhir University
Somalia,Mogadishu University
Somalia,Nugaal University
Somalia,Puntland State University
Somalia,Sanaag University of Science and Technology
Somalia,Somaliland University of Technology
Somalia,University of Burao
Somalia,University of Hargeisa
Somalia,University of Somalia
Suriname,Anton de Kom University
South Sudan,University of Juba
South Sudan,University of Northern Bahr El-Ghazal
El Salvador,Universidad Albert Einstein
El Salvador,Universidad AutÛnoma de Santa Ana
El Salvador,Universidad Capitain General Gerardo Barrios
El Salvador,Universidad CatÛlica de Occidente
El Salvador,Universidad Centroamericana JosÈ SimeÛn CaÒas
El Salvador,Universidad Cristiana de las Asambleas de Dios
El Salvador,Universidad de El Salvador
El Salvador,Universidad de Oriente
El Salvador,Universidad de Sonsonate
El Salvador,Universidad Don Bosco
El Salvador,Universidad Dr. Andreas Bello
El Salvador,Universidad Dr. Jose Matias Delgado
El Salvador,Universidad EvangÈlica de El Salvador
El Salvador,Universidad Francisco Gavidia
El Salvador,Universidad Isaac Newton
El Salvador,Universidad Luterana Salvadorena
El Salvador,Universidad Modular Abierta
El Salvador,Universidad Monsenor Oscar Arnulfo Romeo
El Salvador,Universidad Nueva San Salvador
El Salvador,Universidad Panamericana de San Salvador
El Salvador,Universidad PedagÛgica de El Salvador
El Salvador,Universidad PolitÈcnica de El Salvador
El Salvador,Universidad Salvadorena Alberto Masferrer
El Salvador,Universidad TÈcnica Latinoamericana
El Salvador,Universidad TecnolÛgica de El Salvador
Syrian Arab Republic,Al-Baath University
Syrian Arab Republic,Al-Wataniya Private University
Syrian Arab Republic,Arab European University
Syrian Arab Republic,Damascus University
Syrian Arab Republic,Higher Institute of Business Administration
Syrian Arab Republic,International University for Science & Technology 
Syrian Arab Republic,Ittihad Private University
Syrian Arab Republic,Mamoun Private University for Science and Technology
Syrian Arab Republic,Syrian International Private University for Science & Technology
Syrian Arab Republic,Syrian Virtual University
Syrian Arab Republic,Tishreen University
Syrian Arab Republic,University of Aleppo
Syrian Arab Republic,University of Kalamoon
Syrian Arab Republic,Wadi International University
Syrian Arab Republic,Yarmouk Private University 
Eswatini,University of Swaziland
Turks and Caicos Islands,Charisma University
Chad,UniversitÈ de N'Djamena
Togo,UniversitÈ de LomÈ
Thailand,Asian Institute of Technology
Thailand,Asian University of Science and Technology
Thailand,Assumption University of Thailand
Thailand,Bangkok University
Thailand,Burapha University
Thailand,Chaopraya University 
Thailand,Chiang Mai Rajabhat University
Thailand,Chiang Mai University
Thailand,Chiang Mai Vocational College
Thailand,Chulalongkorn University
Thailand,Dhurakijpundit University
Thailand,Eastern Asia University
Thailand,Engineering Faculty of Asian University
Thailand,Hatyai University
Thailand,Huachiew Chalermprakiet University
Thailand,International Buddhist College
Thailand,Kasem Bundit University
Thailand,Kasetsart University
Thailand,Khon Kaen University
Thailand,King Mongkut's University of Technology Ladkrabang
Thailand,King Mongkut's University of Technology North Bangkok
Thailand,King Mongkut's University of Technology Thonburi
Thailand,Krirk University
Thailand,Lampang College of Commerce and Technology
Thailand,Lampang Rajabhat University
Thailand,Lampang Vocational College   
Thailand,Lamphun College of Agriculture and Technology
Thailand,Mae Fah Luang University 
Thailand,Maejo University
Thailand,Mahachulalongkorn Buddhist University
Thailand,Mahamakut Buddhist University
Thailand,Mahanakorn University of Technology
Thailand,Mahasarakham University
Thailand,Mahidol University
Thailand,Mahidol University International College
Thailand,Naresuan University
Thailand,National Institute of Development Administration
Thailand,Nivadhana University
Thailand,Pathumthani University
Thailand,Payap University Chaiang Mai
Thailand,Phranakhon Si Ayutthaya Rajabhat University
Thailand,Prince of Songkla University
Thailand,Rajamangala University of Technology, Lanna Chiang Rai
Thailand,Rajamangala University of Technology, Lanna Nan
Thailand,Rajamangala University of Technology, Phra Nakhon
Thailand,Ramkhamhaeng University
Thailand,Rangsit University
Thailand,Shinawatra University
Thailand,Siam Technology College
Thailand,Siam University
Thailand,Silpakorn University
Thailand,South-East Asia University
Thailand,Srinakharinwirot University
Thailand,Sripatum University
Thailand,Stamford International University
Thailand,St. John's University
Thailand,Suan Dusit Rajabhat University
Thailand,Sukhothai Thammathirat Open University
Thailand,Suranaree University of Technology
Thailand,Thaksin University
Thailand,Thammasat University
Thailand,Ubonratchathani University
Thailand,University of the Thai Chamber of Commerce
Thailand,Vongchavalitkul University
Thailand,Walailak University
Thailand,Webster University, Thailand
Thailand,Yonok University
Tajikistan,Tajik Agrarian University
Tajikistan,Tajikistan International University
Tajikistan,Tajik National University
Turkmenistan,International Turkmen Turkish University
Tunisia,Instituts SupÈrieures de Formation des MaÓtres
Tunisia,Instituts SupÈrieurs des Etudes Technologiques
Tunisia,Institut SupÈrieur de Gestion de Tunis
Tunisia,UniversitÈ Centrale
Tunisia,L'universitÈ de Carthage
Tunisia,UniversitÈ de GabËs
Tunisia,UniversitÈ de Gafsa
Tunisia,UniversitÈ de Jendouba
Tunisia,UniversitÈ de Kairouan
Tunisia,UniversitÈ de la Manouba
Tunisia,UniversitÈ de Monastir
Tunisia,UniversitÈ de Sfax
Tunisia,UniversitÈ de Tunis
Tunisia,UniversitÈ de Tunis El Manar
Tunisia,UniversitÈ du Centre, Sousse
Tunisia,UniversitÈ Ez-Zitouna
Tunisia,UniversitÈ Libre de Tunis
Tunisia,UniversitÈ Virtuelle de Tunis
Tunisia,University of Aviation and Technology
Tonga,University of the South Pacific Centre
Turkey,Abant Izzet Baysal University
Turkey,Adnan Menderes University
Turkey,Afyon Kocatepe University
Turkey,Ahi Evran University
Turkey,Akdeniz University
Turkey,Anadolu University
Turkey,Ankara University
Turkey,Atat¸rk University
Turkey,Atilim University
Turkey,Bahcesehir University
Turkey,Balikesir University
Turkey,Baskent University
Turkey,Beykent University
Turkey,Bilecik University
Turkey,Bilkent University
Turkey,Bogazici University
Turkey,Cag University
Turkey,Canakkale (18th March) University
Turkey,Cankaya University
Turkey,Celal Bayar University
Turkey,Cukurova University
Turkey,Cumhuriyet (Republik) University
Turkey,Dicle (Tirgris) University
Turkey,Dogus University
Turkey,Dokuz Eyl¸l University
Turkey,Dumlupinar University
Turkey,Ege University
Turkey,Erciyes University
Turkey,Fatih University
Turkey,Firat (Euphrates) University
Turkey,Galatasaray University
Turkey,Gaziantep University
Turkey,Gaziosmanpasa University
Turkey,Gazi University Ankara
Turkey,Gebze Institute of Technology
Turkey,Gediz University
Turkey,Gulhane Military Medical Academy
Turkey,Hacettepe University
Turkey,Halic University
Turkey,Harran University
Turkey,Iasar University
Turkey,Inˆn¸ University
Turkey,Isik University
Turkey,Istanbul Arel University
Turkey,Istanbul Bilgi University
Turkey,Istanbul Kultur University
Turkey,ƒ∞stanbul ≈ûehir University
Turkey,Istanbul Technical University
Turkey,Istanbul Ticaret University
Turkey,Istanbul University
Turkey,Izmir Economic University
Turkey,Izmir Institute of Technology
Turkey,Kadir Has University
Turkey,Kafkas University
Turkey,Kahramanmaras S¸tc¸ Imam University
Turkey,Karadeniz Technical University
Turkey,Kilis 7 Aralƒ±k University
Turkey,Kirikkale University
Turkey,Kocaeli University
Turkey,Koc University
Turkey,Maltepe University
Turkey,Marmara University
Turkey,Mersin University
Turkey,Middle East Technical University
Turkey,Mimar Sinan University
Turkey,Mugla University
Turkey,Mustafa Kemal University
Turkey,Namik Kemal University
Turkey,Necmettin Erbakan University
Turkey,Nigde University
Turkey,Ondokuz Mayis University Samsun
Turkey,Osmangazi University
Turkey,Ozyegin University
Turkey,Pamukkale University
Turkey,Sabanci University
Turkey,Sakarya University
Turkey,Selcuk University
Turkey,Suleyman Demirel University
Turkey,Tobb Economics and Technology University
Turkey,Trakya University
Turkey,T¸rkisch-Deutsche  Universit‰t
Turkey,Turkish Military Academy
Turkey,Turkish Naval Academy
Turkey,Ufuk University
Turkey,Uludag University
Turkey,Yalova University
Turkey,Yasar University
Turkey,Yeditepe University
Turkey,Yildirim Beyazit University
Turkey,Yildiz Technical University
Turkey,Y¸z¸nc¸ Yil (Centennial) University
Turkey,Zonguldak Karaelmas University
Trinidad and Tobago,University of the Southern Caribbean
Trinidad and Tobago,University of the West Indies St. Augustine
Trinidad and Tobago,University of Trinidad and Tobago
Taiwan (Province of China),Aletheia University
Taiwan (Province of China),Central Police University
Taiwan (Province of China),Chang Gung University
Taiwan (Province of China),Chang Jung University
Taiwan (Province of China),Chao Yang University of Science and Technology
Taiwan (Province of China),Chia Nana College of Pharmacy and Science
Taiwan (Province of China),China Medical College
Taiwan (Province of China),Chinese Culture University
Taiwan (Province of China),Ching Kuo Institue of Management & Health
Taiwan (Province of China),Chung Hua University
Taiwan (Province of China),Chung Shan Medical and Dental College
Taiwan (Province of China),Chung Yuan Christian University
Taiwan (Province of China),Da-Yeh University
Taiwan (Province of China),Feng Chia University
Taiwan (Province of China),Fu Jen Catholic University
Taiwan (Province of China),Hsuan Chuang University
Taiwan (Province of China),Huafan University
Taiwan (Province of China),I-Shou University
Taiwan (Province of China),Kaohsiung Medical College
Taiwan (Province of China),Kaohsuing Open University
Taiwan (Province of China),Kung Shan Institute of Technology
Taiwan (Province of China),Kun Shan University
Taiwan (Province of China),Ling Tung University
Taiwan (Province of China),LungHwa University of Science and Technology
Taiwan (Province of China),Ming Chuan University
Taiwan (Province of China),Nanhua University
Taiwan (Province of China),National Central University
Taiwan (Province of China),National Changhua University of Education
Taiwan (Province of China),National Chengchi University
Taiwan (Province of China),National Cheng Kung University
Taiwan (Province of China),National Chiao Tung University
Taiwan (Province of China),National Chiayi University
Taiwan (Province of China),National Chi Nan University
Taiwan (Province of China),National Chung Cheng University
Taiwan (Province of China),National Chung Hsing University, Taichung
Taiwan (Province of China),National Chung Hsing University, Taipei
Taiwan (Province of China),National College of Physical Education and Sports
Taiwan (Province of China),National Dong Hwa University
Taiwan (Province of China),National Formosa University
Taiwan (Province of China),National Hsin-Chu Teachers College
Taiwan (Province of China),National Hualien Teachers College
Taiwan (Province of China),National Ilan University
Taiwan (Province of China),National Institute of the Arts
Taiwan (Province of China),National Kaohsiung First University of Science and Technology
Taiwan (Province of China),National Kaohsiung Normal University
Taiwan (Province of China),National Kaohsiung University of Applied Sciences
Taiwan (Province of China),National Open University
Taiwan (Province of China),National Pingtung Teachers College
Taiwan (Province of China),National Pingtung University of Science and Technology
Taiwan (Province of China),National Sun Yat-Sen University
Taiwan (Province of China),National Taichung Teachers College
Taiwan (Province of China),National Tainan Teachers College
Taiwan (Province of China),National Taipei College of Nursing
Taiwan (Province of China),National Taipei Teachers College
Taiwan (Province of China),National Taipei University
Taiwan (Province of China),National Taipei University of Technology
Taiwan (Province of China),National Taitung Teachers College
Taiwan (Province of China),National Taiwan College of Arts
Taiwan (Province of China),National Taiwan College of Physical Education and Sports
Taiwan (Province of China),National Taiwan College of the Arts
Taiwan (Province of China),National Taiwan Normal University
Taiwan (Province of China),National Taiwan Ocean University
Taiwan (Province of China),National Taiwan University
Taiwan (Province of China),National Taiwan University of Science and Technology
Taiwan (Province of China),National Tsinghua University
Taiwan (Province of China),National United University
Taiwan (Province of China),National University of Kaohsiung
Taiwan (Province of China),National Yang Ming Medical College
Taiwan (Province of China),National Yunlin University of Science and Technology
Taiwan (Province of China),Providence University
Taiwan (Province of China),Shih Chien University
Taiwan (Province of China),Shih Hsin University
Taiwan (Province of China),Soochow University
Taiwan (Province of China),Southern Taiwan University of Technology
Taiwan (Province of China),St. John's & St. Mary's Institute of Technology
Taiwan (Province of China),TaiChung Healthcare and Management University
Taiwan (Province of China),Tainan National College of the Arts
Taiwan (Province of China),Taipei Medical College
Taiwan (Province of China),Taipei Municipal Teachers College
Taiwan (Province of China),Taipei Physical Education College
Taiwan (Province of China),Tamkang University
Taiwan (Province of China),Tatung Institute of Technology
Taiwan (Province of China),TaTung University 
Taiwan (Province of China),Tunghai University
Taiwan (Province of China),Tzu Chi College of Medicine and Humanities
Taiwan (Province of China),Yuan Ze University
Tanzania, United Republic of,African Virtual University
Tanzania, United Republic of,Aga Khan University
Tanzania, United Republic of,Dares Salaam Institute of Technology
Tanzania, United Republic of,Hubert Kairuki Memorial University
Tanzania, United Republic of,Institute of Accountancy Arusha
Tanzania, United Republic of,Institute of Finance Management
Tanzania, United Republic of,International Medical & Technological University
Tanzania, United Republic of,Kilimanjaro Christian Medical College
Tanzania, United Republic of,Moshi University College of Cooperative and Business Studies
Tanzania, United Republic of,Mount Meru University
Tanzania, United Republic of,Muhimbili University of Health and Allied Sciences (MUHAS)
Tanzania, United Republic of,Mwalimu Nyerere Memorial Academy
Tanzania, United Republic of,Mzumbe University (Chuo Kikuu Mzumbe)
Tanzania, United Republic of,Open University of Tanzania
Tanzania, United Republic of,Sebatian Kolowa University College
Tanzania, United Republic of,Sokoine University of Agriculture
Tanzania, United Republic of,St. Augustine University of Tanzania
Tanzania, United Republic of,St. Joseph Group of Institutes
Tanzania, United Republic of,Tumaini University - Iringa University College
Tanzania, United Republic of,University of Dar Es Salaam
Tanzania, United Republic of,University of Dodoma
Ukraine,Alfred Nobel University of Economics and Law 
Ukraine,Bila Cerkva State Agrarian University
Ukraine,Chernivci National University
Ukraine,Crimea State Medical University
Ukraine,Dneprodzerzhinsk State Technical University
Ukraine,Dnepropetrovsk National University
Ukraine,Dnepropetrovsk National University of Railway Transport
Ukraine,Donetsk National Technical University
Ukraine,Donetsk National University
Ukraine,Donetsk State Medical University
Ukraine,East Ukrainian National University
Ukraine,Ivano-Frankivsk National University of Oli and Gas
Ukraine,Kharkiv National University
Ukraine,Kharkiv National University of Economics
Ukraine,Kharkiv National University of Radio Electronics
Ukraine,Kharkiv State Medical University
Ukraine,Kharkiv State Technical University of Construction and Architecture
Ukraine,Kharkiv State Transport Technical University
Ukraine,Kherson State University
Ukraine,Khmelnitsky National University
Ukraine,Kiev National Economic University Named after Vadym Hetman
Ukraine,Kiev National University of Construction and Architecture
Ukraine,Kiev School Of Economics
Ukraine,Kiev Slavonic University
Ukraine,KROK Economics and Law University
Ukraine,Luhansk State Medical University
Ukraine,Luhansk Taras Shevchenko National Pedagogical University
Ukraine,Lviv Medical University
Ukraine,Lviv National Medical Univeristy
Ukraine,Lviv National University Ivan Franko
Ukraine,Lviv Polytechnic National University
Ukraine,National Aerospace University Kharkov Aviation Institute
Ukraine,National Agricultural University
Ukraine,National Aviation Univesity
Ukraine,National Medical University O.O. Bogomolets
Ukraine,National Metallurgical Academy of Ukraine
Ukraine,National Mining University
Ukraine,National Pedagogical University M. Dragomanov 
Ukraine,National Pirogov Memorial Medical University
Ukraine,National Taras Shevchenko University of Kiev
Ukraine,National Technical University (Kharkiv Polytechnical Institute)
Ukraine,National Technical University (Kiev Politechnical Institute)
Ukraine,National Transport University
Ukraine,National University of Food Technologies
Ukraine,National University of Internal Affairs
Ukraine,National University of Kiev-Mohyla Academy
Ukraine,National University of Ostroh Academy
Ukraine,National University of Shipbuilding
Ukraine,Odessa National Academy of Food Technologies
Ukraine,Odessa National I.I. Mecnikov University
Ukraine,Odessa National Marine University
Ukraine,Odessa National Maritime Academy
Ukraine,Odessa National Polytechnic University
Ukraine,Odessa State Academy of Construction and Architecture
Ukraine,Odessa State Medical University
Ukraine,Petro Mohyla Black Sea State University
Ukraine,Poltava National Technical University
Ukraine,Poltava University of Consumer Cooperatives in Ukraine
Ukraine,Precarpathian University
Ukraine,Sevastopol National Technical University
Ukraine,State Pedagogical University in Kryvyi Rih
Ukraine,Sumy National Agrarian University
Ukraine,Sumy State University
Ukraine,Taurida National V.I.Vernadsky University
Ukraine,Technological University of Podillya
Ukraine,Ternopil Academy of National Economy
Ukraine,Ternopil State Ivan Pul'uj Technical University
Ukraine,Ukrainian Academy of Banking
Ukraine,Ukrainian Academy of Pharmacy
Ukraine,Ukrainian Medical Stomatological Academy
Ukraine,Ukrainian National Forestry University
Ukraine,Uzhgorod National University
Ukraine,Vinnica National Technical University
Ukraine,Volyn National University Lesja Ukrainka
Ukraine,Zaporizhzhe National Technical University
Ukraine,Zaporizhzhe National University
Uganda,Aga Khan University
Uganda,Bugema University
Uganda,Busitema University
Uganda,Busoga University
Uganda,Central Buganda University
Uganda,Gulu University
Uganda,Islamic University in Uganda
Uganda,Kampala International University
Uganda,Kampala University
Uganda,Kyambogo University
Uganda,Makerere University
Uganda,Mbarara University of Science and Technology
Uganda,Mountains of the Moon University
Uganda,Mutesa 1 Royal University
Uganda,Ndejje University
Uganda,Nkumba University
Uganda,St. Augustine International University
Uganda,Uganda Christian University
Uganda,Uganda Martyr's University
United States of America,Abilene Christian University
United States of America,Academy of Art College
United States of America,Adams State College
United States of America,Adelphi University
United States of America,Adler School of Professional Psychology
United States of America,Adrian College
United States of America,Agnes Scott College
United States of America,Air Force Institute of Technology
United States of America,Alabama Agricultural and Mechanical University
United States of America,Alabama State University
United States of America,Alaska Bible College
United States of America,Alaska Pacific University
United States of America,Albany College of Pharmacy
United States of America,Albany Law School
United States of America,Albany Medical Center
United States of America,Albany State University
United States of America,Albertus Magnus College
United States of America,Albion College
United States of America,Albright College
United States of America,Alcorn State University
United States of America,Alderson Broaddus College
United States of America,Alfred Adler Graduate School
United States of America,Alfred University
United States of America,Alice Lloyd College
United States of America,Allegheny College
United States of America,Allen University
United States of America,Alma College
United States of America,Alvernia College
United States of America,Alverno College
United States of America,Ambassador University
United States of America,Amber University
United States of America,American Academy of Nutrition
United States of America,American Business & Technology University
United States of America,American Conservatory of Music
United States of America,American Conservatory Theater
United States of America,American-European School of Management 
United States of America,American Film Institute Center for Advanced Film and Television Studies
United States of America,American Indian College
United States of America,American InterContinental University - Atlanta
United States of America,American InterContinental University - Ft. Lauderdale
United States of America,American InterContinental University - Georgia
United States of America,American InterContinental University Online
United States of America,American International College
United States of America,American Jewish University
United States of America,American Military University
United States of America,American Public University
United States of America,American University
United States of America,American World University
United States of America,Amherst College
United States of America,Anderson College
United States of America,Anderson University
United States of America,Andon College - Modesto
United States of America,Andon College - Stockton
United States of America,Andrew Jackson University
United States of America,Andrews University
United States of America,Angelo State University
United States of America,Anna Maria College
United States of America,Antioch New England Graduate School
United States of America,Antioch University
United States of America,Antioch University Los Angeles
United States of America,Antioch University Santa Barbara
United States of America,Antioch University Seattle
United States of America,Appalachian Bible College
United States of America,Appalachian State University
United States of America,Aquinas College
United States of America,Arcadia University
United States of America,Argosy University
United States of America,Argosy University - Hawaii
United States of America,Arizona Christian University
United States of America,Arizona State University
United States of America,Arizona State University, Downtown Phoenix Campus
United States of America,Arizona State University, Polytechnic Campus
United States of America,Arizona State University, Tempe Campus
United States of America,Arizona State University, West Campus
United States of America,Arkansas State University
United States of America,Arkansas State University, Beebe
United States of America,Arkansas State University, Mountain Home
United States of America,Arkansas State University, Newport
United States of America,Arkansas Tech University
United States of America,Arlington Baptist College
United States of America,Armstrong Atlantic State University
United States of America,Armstrong University
United States of America,Art Academy of Cincinnati
United States of America,Art Center College of Design
United States of America,Arthur D. Little Management Education Institute
United States of America,Art Institute of Charlotte
United States of America,Art Institute of Southern California
United States of America,Asbury College
United States of America,Ashland University
United States of America,Assumption College
United States of America,Athenaeum of Ohio
United States of America,Athens State College
United States of America,Atlanta Christian College
United States of America,Atlanta College of Art
United States of America,Atlantic International University
United States of America,Atlantic Union College
United States of America,Atlantic University
United States of America,Auburn University
United States of America,Auburn University at Montgomery
United States of America,Audrey Cohen College
United States of America,Augsburg College
United States of America,Augustana College
United States of America,Augustana College
United States of America,Augusta State University
United States of America,Aurora University
United States of America,Austin College
United States of America,Austin Community College
United States of America,Austin Peay State University
United States of America,Ave Maria University
United States of America,Averett College
United States of America,Avila College
United States of America,Azusa Pacific University
United States of America,Babson College
United States of America,Baker College of Auburn Hills
United States of America,Baker College of Cadillac
United States of America,Baker College of Flint
United States of America,Baker College of Mount Clemens
United States of America,Baker College of Muskegon
United States of America,Baker College of Owosso
United States of America,Baker College of Port Huron
United States of America,Baker University
United States of America,Baldwin-Wallace College
United States of America,Ball State University
United States of America,Baltimore Hebrew University
United States of America,Baltimore International College
United States of America,Bank Street College of Education
United States of America,Baptist Bible College of Missouri
United States of America,Baptist Bible College of Pennsylvania
United States of America,Barat College
United States of America,Barber-Scotia College
United States of America,Barclay College
United States of America,Bard College
United States of America,Bard Graduate Center for Studies in the Decorative Arts
United States of America,Barnard College - Columbia University
United States of America,Barry University
United States of America,Bartlesville Wesleyan College
United States of America,Barton College
United States of America,Bastyr University
United States of America,Bates College
United States of America,Bauder College
United States of America,Baylor College of Dentistry
United States of America,Baylor College of Medicine
United States of America,Baylor University
United States of America,Belhaven College
United States of America,Bellarmine College
United States of America,Bellevue University
United States of America,Bellin College of Nursing
United States of America,Belmont Abbey College
United States of America,Belmont University
United States of America,Beloit College
United States of America,Bemidji State Univeristy
United States of America,Benedict College
United States of America,Benedictine College
United States of America,Benedictine University
United States of America,Benedictine University, Springfield College in Illinois
United States of America,Bennett College
United States of America,Bennington College
United States of America,Bentley College
United States of America,Berea College
United States of America,Berean University of the Assemblies of God
United States of America,Berklee College of Music
United States of America,Berne University
United States of America,Berry College
United States of America,Bethany College California
United States of America,Bethany College Kansas
United States of America,Bethany College West Virginia
United States of America,Bethel College McKenzie
United States of America,Bethel College Mishawaka
United States of America,Bethel College Newton
United States of America,Beth-El College of Nursing and Health Sciences
United States of America,Bethel College St. Paul
United States of America,Bethune-Cookman College
United States of America,Biola University
United States of America,Birmingham-Southern College
United States of America,Blackburn College
United States of America,Black Hawk College
United States of America,Black Hills State University
United States of America,Blessing-Rieman College of Nursing
United States of America,Bloomfield College
United States of America,Bloomsburg University of Pennsylvania
United States of America,Bluefield College
United States of America,Bluefield State College
United States of America,Blue Mountain College
United States of America,Bluffton College
United States of America,Bob Jones University
United States of America,Boise Bible College
United States of America,Boise State University
United States of America,Boricua College
United States of America,Boston Architectural Center
United States of America,Boston College
United States of America,Boston University
United States of America,Bowdoin College
United States of America,Bowie State University
United States of America,Bowling Green State University
United States of America,Bowling Green State University, Firelands
United States of America,Bradley University
United States of America,Brandeis University
United States of America,Brandman University
United States of America,Brenau University
United States of America,Brescia University
United States of America,Brevard College
United States of America,Brewton-Parker College
United States of America,Breyer State University (Virtual University)
United States of America,Briar Cliff College
United States of America,Bridgewater College
United States of America,Bridgewater State College
United States of America,Brigham Young University
United States of America,Brigham Young University
United States of America,Brigham Young University Hawaii
United States of America,Brooklyn Law School
United States of America,Brooks Institute of Photography
United States of America,Brown University
United States of America,Brunswick Community College
United States of America,Bryan College
United States of America,Bryant and Stratton College
United States of America,Bryant University
United States of America,Bryn Athyn College of the New Church
United States of America,Bryn Mawr College
United States of America,Bucknell University
United States of America,Buena Vista University
United States of America,Burlington College
United States of America,Butler University
United States of America,Cabrini College
United States of America,Caldwell College
United States of America,California Baptist College
United States of America,California Coast University
United States of America,California College for Health Sciences
United States of America,California College of Arts and Crafts
United States of America,California College of Podiatric Medicine
United States of America,California College San Diego
United States of America,California Institute of Integral Studies
United States of America,California Institute of Technology
United States of America,California Institute of the Arts
United States of America,California Lutheran University
United States of America,California Maritime Academy
United States of America,California Polytechnic State University - San Luis Obispo
United States of America,California School of Professional Psychology - Berkley/Alameda
United States of America,California School of Professional Psychology - Fresno
United States of America,California School of Professional Psychology - Los Angels
United States of America,California School of Professional Psychology - San Diego
United States of America,California State Polytechnic University - Pomona
United States of America,California State University, Bakersfield
United States of America,California State University, Channel Islands
United States of America,California State University, Chico
United States of America,California State University, Dominguez Hills
United States of America,California State University, Fresno
United States of America,California State University, Fullerton
United States of America,California State University, Hayward
United States of America,California State University, Long Beach
United States of America,California State University, Los Angeles
United States of America,California State University, Monterey Bay
United States of America,California State University, Northridge
United States of America,California State University, Sacramento
United States of America,California State University, San Bernadino
United States of America,California State University, San Marcos
United States of America,California State University, Stanislaus
United States of America,California University of Management and Sciences
United States of America,California University of Pennsylvania
United States of America,California Western School of Law
United States of America,Calumet College of St. Joseph
United States of America,Calvary Bible College
United States of America,Calvin College
United States of America,Cambridge College
United States of America,Cameron University
United States of America,Campbellsville College
United States of America,Campbell University
United States of America,Canisius College
United States of America,Capella University
United States of America,Capital University
United States of America,Capital University Law School
United States of America,Capitol College
United States of America,Cardinal Stritch University
United States of America,Carleton College
United States of America,Carlos Albizu University
United States of America,Carlow College
United States of America,Carnegie Mellon University
United States of America,Carroll College Helena
United States of America,Carroll College Waukesha
United States of America,Carson-Newman College
United States of America,Carthage College
United States of America,Case Western Reserve University
United States of America,Castleton State College
United States of America,Catawba College
United States of America,Catholic Theological Union
United States of America,Cedar Crest College
United States of America,Cedarville College
United States of America,Centenary College
United States of America,Centenary College of Louisiana
United States of America,Center for Humanistic Studies
United States of America,Central Baptist College
United States of America,Central Bible College
United States of America,Central Christian College of the Bible
United States of America,Central College
United States of America,Central Connecticut State University
United States of America,Central Methodist College
United States of America,Central Michigan University
United States of America,Central State University
United States of America,Central Washington University
United States of America,Centre College
United States of America,Chadron State College
United States of America,Chaminade University of Honolulu
United States of America,Champlain College
United States of America,Chapman University
United States of America,Charles R. Drew University of Medicine and Science
United States of America,Charleston Southern University
United States of America,Charter Oak State College
United States of America,Chatham College
United States of America,Chestnut Hill College
United States of America,Cheyney University of Pennsylvania
United States of America,Chicago State University
United States of America,Chowan College
United States of America,Christendom College
United States of America,Christian Brothers University
United States of America,Christian Heritage College
United States of America,Christopher Newport University
United States of America,Circleville Bible College
United States of America,City University
United States of America,City University of New York, Bernard M. Baruch College
United States of America,City University of New York, Brooklyn College
United States of America,City University of New York, City College
United States of America,City University of New York, College of Staten Island
United States of America,City University of New York (CUNY) System
United States of America,City University of New York, Graduate School and University Center
United States of America,City University of New York, Hunter College
United States of America,City University of New York, John Jay College of Criminal Justice
United States of America,City University of New York, Lehman College
United States of America,City University of New York, Medgar Evers College
United States of America,City University of New York Medical School / Sophie Davis School of Biomedical Education
United States of America,City University of New York, New York City Technical College
United States of America,City University of New York, Queens College
United States of America,City University of New York, School of Law at Queens College
United States of America,City University of New York, York College
United States of America,Claflin College
United States of America,Claremont Graduate University
United States of America,Claremont Lincoln University
United States of America,Claremont McKenna College
United States of America,Clarion University
United States of America,Clark Atlanta University
United States of America,Clarke College
United States of America,Clarkson College
United States of America,Clarkson University
United States of America,Clark University
United States of America,Clayton College & State University
United States of America,Clearwater Christian College
United States of America,Cleary College
United States of America,Clemson University
United States of America,Cleveland Chiropractic College, Kansas City
United States of America,Cleveland Chiropractic College, Los Angeles
United States of America,Cleveland Institute of Art
United States of America,Cleveland Institute of Music
United States of America,Cleveland State University
United States of America,Coastal Carolina University
United States of America,Coe College
United States of America,Cogswell Polytechnical College
United States of America,Coker College
United States of America,Colby College
United States of America,Colby-Sawyer College
United States of America,Coleman College
United States of America,Colgate University
United States of America,CollegeAmerica, Denver
United States of America,CollegeAmerica, Phoenix
United States of America,College for Creative Studies
United States of America,College for Financial Planning
United States of America,College for Lifelong Learning
United States of America,College Misericordia
United States of America,College of Aeronautics
United States of America,College of Charleston
United States of America,College of DuPage
United States of America,College of Idaho
United States of America,College of Mount St. Joseph
United States of America,College of Mount St. Vincent
United States of America,College of New Rochelle
United States of America,College of Notre Dame
United States of America,College of Notre Dame of Maryland
United States of America,College of Osteopathic Medicine of the Pacific (Western University of Health Sciences)
United States of America,College of St. Benedict and St. John's University
United States of America,College of St. Catherine
United States of America,College of St. Elizabeth
United States of America,College of St. Joseph
United States of America,College of St. Mary
United States of America,College of St. Rose
United States of America,College of St. Scholastica
United States of America,College of the Atlantic
United States of America,College of the Holy Cross
United States of America,College of the Ozarks
United States of America,College of Visual Arts
United States of America,College of William and Mary
United States of America,Colorado Christian University
United States of America,Colorado College
United States of America,Colorado School of Mines
United States of America,Colorado State University
United States of America,Colorado State University-Pueblo
United States of America,Colorado Technical University
United States of America,Columbia College Chicago
United States of America,Columbia College Hollywood
United States of America,Columbia College of Missouri
United States of America,Columbia College South Carolina
United States of America,Columbia Commonwealth University
United States of America,Columbia International University
United States of America,Columbia Southern University
United States of America,Columbia Union College
United States of America,Columbia University
United States of America,Columbus College of Art and Design
United States of America,Columbus State University
United States of America,Columbus University
United States of America,Community College of Denver
United States of America,Concord College
United States of America,Concordia College, Ann Arbor
United States of America,Concordia College, Bronxville
United States of America,Concordia College, Moorhead
United States of America,Concordia College, Selma
United States of America,Concordia College, Seward
United States of America,Concordia College, St. Paul
United States of America,Concordia University, Austin
United States of America,Concordia University, Irvine
United States of America,Concordia University, Mequon
United States of America,Concordia University, Portland
United States of America,Concordia University, River Forest
United States of America,Connecticut College
United States of America,Converse College
United States of America,Conway School of Landscape Design
United States of America,Coppin State College
United States of America,Cornell College
United States of America,Cornell University
United States of America,Cornish College of the Arts
United States of America,Cosmopolitan University
United States of America,Covenant College
United States of America,Cranbrook Academy of Art
United States of America,Creighton University
United States of America,Crichton College
United States of America,Crown College
United States of America,Culver-Stockton College
United States of America,Cumberland College
United States of America,Cumberland University
United States of America,Curry College
United States of America,Daemen College
United States of America,Dakota State University
United States of America,Dakota Wesleyan University
United States of America,Dallas Baptist University
United States of America,Dallas Christian College
United States of America,Dana College
United States of America,Daniel Webster College
United States of America,Danville Area Community College
United States of America,Dartmouth College
United States of America,Darton College
United States of America,Davenport College of Business, Grand Rapids
United States of America,Davenport College of Business, Kalamazoo
United States of America,Davenport College of Business, Lansing
United States of America,Davidson College
United States of America,Davis and Elkins College
United States of America,Deaconess College of Nursing
United States of America,Delaware State University
United States of America,Delaware Valley College
United States of America,Delta International University
United States of America,Delta State University
United States of America,Denison University
United States of America,Denver Paralegal Institute
United States of America,Denver Technical College
United States of America,DePaul University
United States of America,DePauw University
United States of America,DeSales University
United States of America,Design Institute of San Diego
United States of America,Detroit College of Business
United States of America,Detroit College of Business - Flint
United States of America,Detroit College of Business - Warren
United States of America,Detroit College of Law
United States of America,DeVry Institute of Technology, Chicago
United States of America,DeVry Institute of Technology, Columbus
United States of America,DeVry Institute of Technology, Decatur
United States of America,DeVry Institute of Technology, DuPage
United States of America,DeVry Institute of Technology, Irving
United States of America,DeVry Institute of Technology, Kansas City
United States of America,DeVry Institute of Technology, Phoenix
United States of America,DeVry Institute of Technology, Pomona
United States of America,Dickinson College
United States of America,Dickinson State University
United States of America,Dillard University
United States of America,Divine Word College
United States of America,Dixie College
United States of America,Doane College
United States of America,Dominican College
United States of America,Dominican College of San Rafael
United States of America,Dominican School of Philosophy and Theology
United States of America,Dominican University
United States of America,Dominion College
United States of America,Dordt College
United States of America,Dowling College
United States of America,Drake University
United States of America,Drew University
United States of America,Drexel University
United States of America,Drury College
United States of America,Duke University
United States of America,Duluth Business University
United States of America,Duquesne University
United States of America,D'Youville College
United States of America,Earlham College
United States of America,EarthNet Institute
United States of America,East Carolina University
United States of America,East Central University
United States of America,Eastern College
United States of America,Eastern Connecticut State University
United States of America,Eastern Conservatory of Music
United States of America,Eastern Illinois University
United States of America,Eastern Kentucky University
United States of America,Eastern Mennonite University
United States of America,Eastern Michigan University
United States of America,Eastern Nazarene College
United States of America,Eastern New Mexico University
United States of America,Eastern Oregon University
United States of America,Eastern Virginia Medical School
United States of America,Eastern Washington University
United States of America,East Stroudsburg State University
United States of America,East Tennessee State University
United States of America,East Texas Baptist University
United States of America,East-West University
United States of America,Eckerd College
United States of America,Edgewood College
United States of America,Edinboro University of Pennsylvania
United States of America,Edison Community College
United States of America,Edward Waters College
United States of America,Elizabeth City State University
United States of America,Elizabethtown College
United States of America,Elmhurst College
United States of America,Elmira College
United States of America,Elms College
United States of America,Elon College
United States of America,Embry-Riddle Aeronautical University
United States of America,Embry Riddle Aeronautical University, Prescott
United States of America,Emerson College
United States of America,Emmanuel College
United States of America,Emmanuel College Georgia
United States of America,Emmaus Bible College
United States of America,Emory & Henry College
United States of America,Emory University
United States of America,Emporia State University
United States of America,Erskine College
United States of America,Eugene Bible College
United States of America,Eureka College
United States of America,Evangel University
United States of America,Evergreen State College
United States of America,Excel College
United States of America,Excelsior College
United States of America,Fairfield University
United States of America,Fairleigh Dickinson University, Florham-Madison Campus
United States of America,Fairleigh Dickinson University, Teaneck-Hackensack Campus
United States of America,Fairmont State College
United States of America,Fashion Institute of New York
United States of America,Faulkner University
United States of America,Fayetteville State University
United States of America,Felician College
United States of America,Ferris State University
United States of America,Ferrum College
United States of America,Fielding Institute
United States of America,Finch University of Health Sciences - The Chicago Medical School
United States of America,Finlandia University
United States of America,Fisher College
United States of America,Fisk University
United States of America,Fitchburg State College
United States of America,Flagler College
United States of America,Florida Agricultural and Mechanical University
United States of America,Florida Atlantic University
United States of America,Florida Christian College
United States of America,Florida Community College at Jacksonville
United States of America,Florida Gulf Coast University
United States of America,Florida Institute of Technology
United States of America,Florida International University
United States of America,Florida Memorial College
United States of America,Florida Metropolitan University, Fort Lauderdale College
United States of America,Florida Metropolitan University, Tampa College
United States of America,Florida Metropolitan University, Tampa College Brandon
United States of America,Florida Metropolitan University, Tampa College Lakeland
United States of America,Florida Southern College
United States of America,Florida State University
United States of America,Florida University of Medicine
United States of America,Fontbonne College
United States of America,Foothill-De Anza Community College District
United States of America,Fordham University
United States of America,Forest Institute of Professional Psychology
United States of America,Fort Hays State University
United States of America,Fort Lewis College
United States of America,Fort Valley State College
United States of America,Framingham State College
United States of America,Franciscan School of Theology
United States of America,Franciscan University of Steubenville
United States of America,Francis Marion University
United States of America,Franklin and Marshall College
United States of America,Franklin College
United States of America,Franklin Pierce College
United States of America,Franklin Pierce Law Center
United States of America,Franklin University
United States of America,Franklin W. Olin College of Engineering
United States of America,Frank Lloyd Wright School of Architecture
United States of America,Fred Hutchinson Cancer Research Center
United States of America,Freed-Hardeman University
United States of America,Free University (Virginia Theological University)
United States of America,Free Will Baptist Bible College
United States of America,Fresno City College
United States of America,Fresno Pacific University
United States of America,Friends University
United States of America,Frostburg State University
United States of America,Full Sail University
United States of America,Furman University
United States of America,Gallaudet University
United States of America,Gannon University
United States of America,Gardner Webb University
United States of America,Gemological Institute of America
United States of America,Geneva College
United States of America,George Fox University
United States of America,George Mason University
United States of America,Georgetown College
United States of America,Georgetown University
United States of America,George Washington University
United States of America,George Wythe College
United States of America,Georgia Baptist College of Nursing
United States of America,Georgia College & State University
United States of America,Georgia Health Sciences University
United States of America,Georgia Institute of Technology
United States of America,Georgian Court College
United States of America,Georgia School of Professional Psychology
United States of America,Georgia Southern University
United States of America,Georgia Southwestern University
United States of America,Georgia State University
United States of America,Gettysburg College
United States of America,Glendale University College of Law
United States of America,Glenville State College
United States of America,Goddard College
United States of America,God's Bible School and College
United States of America,Golden Gate University
United States of America,Goldey-Beacom College
United States of America,Gonzaga University
United States of America,Gordon College
United States of America,Gordon Conwell Theological Seminary
United States of America,Goshen College
United States of America,Goucher College
United States of America,Governors State University
United States of America,Grace Bible College
United States of America,Grace College
United States of America,Graceland College
United States of America,Grace University
United States of America,Graduate Theological Union
United States of America,Grambling State University
United States of America,Grand Canyon University
United States of America,Grand Valley State University
United States of America,Grand View College
United States of America,Grantham University
United States of America,Gratz College
United States of America,Great Lakes Christian College
United States of America,Green Mountain College
United States of America,Greensboro College
United States of America,Greenville College
United States of America,Grinnell College
United States of America,Grove City College
United States of America,Guilford College
United States of America,Gustavus Adolphus College
United States of America,Gwynedd-Mercy College
United States of America,Hagerstown Community College
United States of America,Hamilton College
United States of America,Hamilton Technical College
United States of America,Hamline University
United States of America,Hampden-Sydney College
United States of America,Hampshire College
United States of America,Hampton College
United States of America,Hampton University
United States of America,Hannibal-Lagrange College
United States of America,Hanover College
United States of America,Harding University
United States of America,Harding University Graduate School of Religion
United States of America,Hardin-Simmons University
United States of America,Harrington Institute of Interior Design
United States of America,Harris-Stowe State University
United States of America,Hartford College for Women
United States of America,Hartford Graduate Center (Rensselaer at Hartford)
United States of America,Hartwick College
United States of America,Harvard University
United States of America,Harvey Mudd College
United States of America,Hastings College
United States of America,Haverford College
United States of America,Hawaii Pacific University
United States of America,Heartland Baptist Bible College
United States of America,Hebrew College
United States of America,Heidelberg College
United States of America,Henderson State Univerisity
United States of America,Hendrix College
United States of America,Heritage College
United States of America,Hesser College
United States of America,High Point University
United States of America,Hilbert College
United States of America,Hillsdale College
United States of America,Hiram College
United States of America,Hobart and William Smith Colleges
United States of America,Hobe Sound Bible College
United States of America,Hodges University
United States of America,Hofstra University
United States of America,Hollins University
United States of America,Holy Apostles College
United States of America,Holy Cross College
United States of America,Holy Family College
United States of America,Holy Names College
United States of America,Hood College
United States of America,Hope College
United States of America,Hope International University
United States of America,Houghton College
United States of America,Houston Baptist University
United States of America,Howard Payne University
United States of America,Howard University
United States of America,Humboldt State University
United States of America,Humphreys College
United States of America,Huntington College
United States of America,Huron University
United States of America,Husson College
United States of America,Huston-Tillotson College
United States of America,ICI University
United States of America,ICT College
United States of America,Idaho State University
United States of America,Iglobal University
United States of America,Illinois Benedictine University
United States of America,Illinois College
United States of America,Illinois College of Optometry
United States of America,Illinois Institute of Technology
United States of America,Illinois School of Professional Psychology - Chicago Campus
United States of America,Illinois School of Professional Psychology - Meadows Campus
United States of America,Illinois State University
United States of America,Illinois Valley Community College
United States of America,Illinois Wesleyan University
United States of America,Immaculata University
United States of America,IMPAC University
United States of America,Indiana Institute of Technologyy
United States of America,Indiana State University
United States of America,Indiana University at Bloomington
United States of America,Indiana University at Kokomo
United States of America,Indiana University at South Bend
United States of America,Indiana University - East
United States of America,Indiana University - Northwest
United States of America,Indiana University of Pennsylvania
United States of America,Indiana University-Purdue University at Columbus
United States of America,Indiana University-Purdue University at Fort Wayne
United States of America,Indiana University-Purdue University at Indianapolis
United States of America,Indiana University - Southeast
United States of America,Indiana University (System)
United States of America,Indiana Wesleyan University
United States of America,Institute of Clinical Social Work
United States of America,Institute of Paper Science and Technology
United States of America,Institute of Textile Technology
United States of America,Institute of Transpersonal Psychology
United States of America,IntelliTec College - Grand Junction
United States of America,International Academy of  Merchandising and Design Chicago
United States of America,International Academy of  Merchandising and Design Tampa
United States of America,International Bible College
United States of America,International College
United States of America,Iona College
United States of America,Iowa State University of Science and Technology
United States of America,Iowa Wesleyan College
United States of America,Ithaca College
United States of America,ITT Technical Institute Fort Wayne
United States of America,ITT Technical Institute Indianapolis
United States of America,ITT Technical Institute Maitland
United States of America,ITT Technical Institute Portland
United States of America,ITT Technical Institute West Covina
United States of America,Jackson State University
United States of America,Jacksonville State University
United States of America,Jacksonville University
United States of America,James Madison University
United States of America,Jamestown College
United States of America,Jarvis Christian College
United States of America,John Brown University
United States of America,John Carroll University
United States of America,John F. Kennedy University
United States of America,John Marshall Law School
United States of America,John Paul the Great Catholic University
United States of America,Johns Hopkins University
United States of America,Johnson Bible College
United States of America,Johnson County Community College
United States of America,Johnson C. Smith University
United States of America,Johnson State College
United States of America,Johnson & Wales University
United States of America,Johnson & Wales University, Charleston
United States of America,John Wesley College
United States of America,Jones College
United States of America,Jones International University
United States of America,Judson College Elgin
United States of America,Judson College Marion
United States of America,Juniata College
United States of America,Kalamazoo College
United States of America,Kankakee Community College
United States of America,Kansas City Art Institute
United States of America,Kansas State University
United States of America,Kansas Wesleyan University
United States of America,Kaplan University
United States of America,Katharine Gibbs School
United States of America,Kean University of New Jersey
United States of America,Keck Graduate Institute of Applied Life Sciences
United States of America,Keene State College
United States of America,Keller Graduate School of Management
United States of America,Kendall College
United States of America,Kendall College of Art and Design
United States of America,Kennesaw State University
United States of America,Kent State University
United States of America,Kent State University - Ashtabula
United States of America,Kent State University - East Liverpool
United States of America,Kent State University - Salem
United States of America,Kent State University - Stark
United States of America,Kent State University - Trumbull
United States of America,Kent State University - Tuscarawas
United States of America,Kentucky Christian College
United States of America,Kentucky State University
United States of America,Kentucky Wesleyan College
United States of America,Kenyon College
United States of America,Kettering University (GMI)
United States of America,Keuka College
United States of America,King College
United States of America,King's College
United States of America,Kirksville College of Osteopathic Medicine
United States of America,Kirkwood Community College
United States of America,Knox College
United States of America,Knoxville College
United States of America,Kutztown University of Pennsylvania
United States of America,Laboratory Institute of Merchandising
United States of America,Lafayette College
United States of America,Lagrange College
United States of America,Lake Erie College
United States of America,Lake Forest College
United States of America,Lake Forest Graduate School of Management
United States of America,Lakeland College
United States of America,Lake Superior State University
United States of America,Lakeview College of Nursing
United States of America,Lamar University
United States of America,Lamar University - Port Arthur
United States of America,Lambuth University
United States of America,Lancaster Bible College
United States of America,Lander University
United States of America,Lane College
United States of America,Langston University
United States of America,La Roche College
United States of America,La Salle University
United States of America,Lasell College
United States of America,La Sierra University
United States of America,Laurus Technical Institute
United States of America,Lawrence Technological University
United States of America,Lawrence University
United States of America,Lebanon Valley College
United States of America,Lees-McRae College
United States of America,Lee University
United States of America,Lehigh Univervsity
United States of America,Le Moyne College
United States of America,Le Moyne-Owen College
United States of America,Lenoir-Rhyne College
United States of America,Lesley University
United States of America,Letourneau University
United States of America,Lewis and Clark College
United States of America,Lewis & Clark Community College
United States of America,Lewis-Clark State College
United States of America,Lewis University
United States of America,Liberty University
United States of America,Life Chiropractic College West
United States of America,Life University
United States of America,Limestone College
United States of America,Lincoln Memorial University
United States of America,Lincoln University Missouri
United States of America,Lincoln University Pennsylvania
United States of America,Lincoln University San Francisco
United States of America,Lindenwood University
United States of America,Lindsey Wilson College
United States of America,Linfield College
United States of America,Lipscomb University
United States of America,Livingstone College
United States of America,Lock Haven University of Pennsylvania
United States of America,Logan College of Chiropractic
United States of America,Loma Linda University
United States of America,Long Island University
United States of America,Long Island University, C.W. Post Campus
United States of America,Long Island University, Southampton College
United States of America,Longwood College
United States of America,Loras College
United States of America,Los Angeles College of Chiropractic
United States of America,Louisiana Baptist University
United States of America,Louisiana College
United States of America,Louisiana State University and Agricultural and Mechanical College
United States of America,Louisiana State University at Alexandria
United States of America,Louisiana State University at Eunice
United States of America,Louisiana State University Health Sciences Center New Orleans
United States of America,Louisiana State University in Shreveport
United States of America,Louisiana Tech University
United States of America,Lourdes College
United States of America,Loyola College in Maryland
United States of America,Loyola Marymount University
United States of America,Loyola University New Orleans
United States of America,Loyola University of Chicago
United States of America,Lubbock Christian University
United States of America,Lutheran Bible Institute of Seattle
United States of America,Luther College
United States of America,Lycoming College
United States of America,Lynchburg College
United States of America,Lyndon State College
United States of America,Lynn University
United States of America,Lyon College
United States of America,Macalester College
United States of America,MacMurray College
United States of America,Macon State College
United States of America,Madison University (Distance Education)
United States of America,Madonna University
United States of America,Maharishi University of Management
United States of America,Maine College of Art
United States of America,Maine Maritime Academy
United States of America,Malone College
United States of America,Manchester College
United States of America,Manhattan Christian College
United States of America,Manhattan College
United States of America,Manhattan School of Music
United States of America,Manhattanville College
United States of America,Mankato State University
United States of America,Mansfield University of Pennsylvania
United States of America,Maranatha Baptist Bible College
United States of America,Marian College
United States of America,Marian College of Fond Du Lac
United States of America,Marietta College
United States of America,Marist College
United States of America,Marlboro College
United States of America,Marquette University
United States of America,Marshall University
United States of America,Mars Hill College
United States of America,Martin Luther College
United States of America,Martin Methodist College
United States of America,Martin University
United States of America,Mary Baldwin College
United States of America,Marycrest International University
United States of America,Marygrove College
United States of America,Marylhurst University
United States of America,Marymount College New York
United States of America,Marymount Manhattan College
United States of America,Marymount University
United States of America,Maryville College
United States of America,Maryville University of St. Louis
United States of America,Mary Washington College
United States of America,Marywood University
United States of America,Massachusetts College of Art
United States of America,Massachusetts College of Liberal Arts
United States of America,Massachusetts College of Pharmacy and Allied Health Sciences
United States of America,Massachusetts Institute of Technology
United States of America,Massachusetts Maritime Academy
United States of America,Massachusetts School of Professional Psychology
United States of America,Mayo Graduate School
United States of America,Mayo Medical School
United States of America,Mayville State University
United States of America,McKendree College
United States of America,McMurry University
United States of America,McNeese State University
United States of America,McPherson College
United States of America,Medaille College
United States of America,Medcenter One College of Nursing
United States of America,Medical College of Georgia
United States of America,Medical College of Ohio
United States of America,Medical College of Pennsylvania and Hahnemann University
United States of America,Medical College of Wisconsin
United States of America,Medical University of South Carolina
United States of America,Meharry Medical College
United States of America,Memphis College of Art
United States of America,Menlo College
United States of America,Mennonite College of Nursing
United States of America,Mercer University
United States of America,Mercer University, Cecil B. Day Campus
United States of America,Mercy College
United States of America,Mercyhurst College
United States of America,Meredith College
United States of America,Merrimack College
United States of America,Mesa State College
United States of America,Messiah College
United States of America,Methodist College
United States of America,Metropolitan State College of Denver
United States of America,Metropolitan State University
United States of America,MGH Institute of Health Professions
United States of America,Miami Dade College
United States of America,Miami University of Ohio
United States of America,Miami University of Ohio - Hamilton
United States of America,Miami University of Ohio - Middletown
United States of America,Michigan School of Professional Psychology
United States of America,Michigan State University
United States of America,Michigan Technological University
United States of America,Mid-America Nazarene University
United States of America,Mid-American Bible College
United States of America,Mid-Continent Baptist Bible College
United States of America,Middlebury College
United States of America,Middle Tennessee State University
United States of America,Midland Lutheran College
United States of America,Midway College
United States of America,Midwestern State University
United States of America,Midwestern University
United States of America,Miles College
United States of America,Millennia Atlantic University
United States of America,Millersville University of Pennsylvania
United States of America,Milligan College
United States of America,Millikin University
United States of America,Millsaps College
United States of America,Mills College
United States of America,Mills Grae University
United States of America,Milwaukee Institute of Art and Design
United States of America,Milwaukee School of Engineering
United States of America,Minneapolis College of Art and Design
United States of America,Minnesota Bible College
United States of America,Minnesota School of Professional Psychology
United States of America,Minot State University
United States of America,Mississippi College
United States of America,Mississippi State University
United States of America,Mississippi University for Women
United States of America,Mississippi Valley State University
United States of America,Missouri Baptist College
United States of America,Missouri Southern State College
United States of America,Missouri Tech
United States of America,Missouri University of Science and Technology
United States of America,Missouri Valley College
United States of America,Missouri Western State College
United States of America,Molloy College
United States of America,Monmouth University
United States of America,Montana State University
United States of America,Montana State University - Billings
United States of America,Montana State University - Northern
United States of America,Montana Tech
United States of America,Montclair State University
United States of America,Monterey Institute of International Studies
United States of America,Montreat College
United States of America,Montserrat College of Art
United States of America,Moody Bible Institute
United States of America,Moore College of Art and Design
United States of America,Moorhead State University
United States of America,Moraine Valley Community College
United States of America,Moravian College
United States of America,Morehead State University
United States of America,Morehouse College
United States of America,Morehouse School of Medicine
United States of America,Morgan State University
United States of America,Morningside College
United States of America,Morris Brown College
United States of America,Morris College
United States of America,Morrison College
United States of America,Mountain State University
United States of America,Mount Aloysius College
United States of America,Mount Carmel College of Nursing
United States of America,Mount Holyoke College
United States of America,Mount Ida College
United States of America,Mount Marty College
United States of America,Mount Mary College
United States of America,Mount Mercy College
United States of America,Mount Olive College
United States of America,Mount Senario College
United States of America,Mount Sinai School of Medicine
United States of America,Mount St. Clare College
United States of America,Mount St. Mary College
United States of America,Mount St. Mary's College California
United States of America,Mount St. Mary's College Maryland
United States of America,Mount Union College
United States of America,Mount Vernon College
United States of America,Mount Vernon Nazarene College
United States of America,Muhlenberg College
United States of America,Multnomah Bible College
United States of America,Murray State University
United States of America,Muskingum College
United States of America,NAES College
United States of America,National American University
United States of America,National American University, Albuquerque
United States of America,National American University, Colorado Springs
United States of America,National American University, Denver
United States of America,National American University, Kansas City
United States of America,National American University, Roseville
United States of America,National American University, Sioux Falls
United States of America,National College of Chiropractic
United States of America,National College of Naturopathic Medicine
United States of America,National Defense University
United States of America,National Hispanic University
United States of America,National-Louis University
United States of America,National Technological University
United States of America,National Theatre Conservatory
United States of America,National University
United States of America,Naval Postgraduate School
United States of America,Nazarene Bible College
United States of America,Nazareth College
United States of America,Nebraska Christian College
United States of America,Nebraska Methodist College of Nursing and Allied Health
United States of America,Nebraska Wesleyan University
United States of America,Neumann College
United States of America,Newberry College
United States of America,New College of California
United States of America,New College of Florida
United States of America,New England College
United States of America,New England College of Optometry
United States of America,New England Conservatory of Music
United States of America,New England Institute of Technology
United States of America,New England School of Art and Design
United States of America,New England School of Communications
United States of America,New England School of Law
United States of America,New Hampshire College
United States of America,New Jersey City University
United States of America,New Jersey Institute of Technology
United States of America,Newman University
United States of America,New Mexico Highlands University
United States of America,New Mexico Institute of Mining and Technology
United States of America,New Mexico State University
United States of America,Newschool of Architecture and Design
United States of America,New York Academy of Art, Graduate School of Figurative Art
United States of America,New York Chiropractic College
United States of America,New York College of Podiatric Medicine
United States of America,New York Film Academy
United States of America,New York Institute of Technology
United States of America,New York Law School
United States of America,New York Medical College
United States of America,New York School of Interior Design
United States of America,New York University
United States of America,Niagara University
United States of America,Nicholls State University
United States of America,Nichols College
United States of America,Norfolk State University
United States of America,North Carolina Agricultural and Technical State University
United States of America,North Carolina Central University
United States of America,North Carolina School of the Arts
United States of America,North Carolina State University
United States of America,North Carolina Wesleyan College
United States of America,North Central Bible College
United States of America,North Central College
United States of America,Northcentral University
United States of America,North Dakota State University
United States of America,Northeastern Illinois University
United States of America,Northeastern Ohio University College of Medicine
United States of America,Northeastern State University
United States of America,Northeastern University
United States of America,Northern Arizona University
United States of America,Northern Illinois University
United States of America,Northern Kentucky University
United States of America,Northern Michigan University
United States of America,Northern State University
United States of America,Northern Virginia Community College
United States of America,Northface University
United States of America,North Georgia College
United States of America,North Greenville College
United States of America,Northland College
United States of America,North Park University
United States of America,Northwest Christian College
United States of America,Northwest College of Art
United States of America,Northwestern College Iowa
United States of America,Northwestern College of Chiropractic
United States of America,Northwestern College St. Paul
United States of America,Northwestern Oklahoma State University
United States of America,Northwestern State University of Louisiana
United States of America,Northwestern University
United States of America,Northwest Missouri State University
United States of America,Northwest Nazarene University
United States of America,Northwest University
United States of America,Northwood University
United States of America,Northwood University, Florida Campus
United States of America,Northwood University, Texas Campus
United States of America,Norwich University
United States of America,Notre Dame College
United States of America,Notre Dame College of Ohio
United States of America,Notre Dame de Namur University
United States of America,Nova Southeastern University
United States of America,Nyack College
United States of America,Oakland City University
United States of America,Oakland University
United States of America,Oakton Community College
United States of America,Oakwood College
United States of America,Oberlin College
United States of America,Occidental College
United States of America,Oglala Lakota College
United States of America,Oglethorpe University
United States of America,Ohio College of Podiatric Medicine
United States of America,Ohio Dominican College
United States of America,Ohio Northern University
United States of America,Ohio State University
United States of America,Ohio State University - Lima
United States of America,Ohio State University - Mansfield
United States of America,Ohio State University - Marion
United States of America,Ohio State University - Newark
United States of America,Ohio University
United States of America,Ohio University - Chillicothe
United States of America,Ohio University - Eastern
United States of America,Ohio University - Lancaster
United States of America,Ohio University - Southern
United States of America,Ohio University - Zanesville
United States of America,Ohio Valley College
United States of America,Ohio Wesleyan University
United States of America,Oklahoma Baptist University
United States of America,Oklahoma Christian University
United States of America,Oklahoma City University
United States of America,Oklahoma Panhandle State University
United States of America,Oklahoma State University
United States of America,Oklahoma State University Center for Health Sciences
United States of America,Oklahoma State University - Institute of Technology
United States of America,Oklahoma State University - Oklahoma City
United States of America,Oklahoma State University - Tulsa
United States of America,Old Dominion University
United States of America,Olive-Harvey College
United States of America,Olivet College
United States of America,Olivet Nazarene University
United States of America,O'More College of Design
United States of America,Oral Roberts University
United States of America,Oregon College of Arts and Crafts
United States of America,Oregon Graduate Institute of Science and Technology
United States of America,Oregon Health Sciences University
United States of America,Oregon Institute of Technology
United States of America,Oregon State University
United States of America,Otis College of Art & Design
United States of America,Ottawa University
United States of America,Otterbein College
United States of America,Ouachita Baptist University
United States of America,Our Lady of Holy Cross College
United States of America,Our Lady of the Lake University
United States of America,Ozark Christian College
United States of America,Pace University
United States of America,Pace University  Pleasantville/Briarcliff
United States of America,Pacifica Graduate Institute
United States of America,Pacific College of Oriental Medicine
United States of America,Pacific Graduate School of Psychology
United States of America,Pacific Lutheran University
United States of America,Pacific Northwest College of Art
United States of America,Pacific Oaks College
United States of America,Pacific Union College
United States of America,Pacific University
United States of America,Paier College of Art
United States of America,Paine College
United States of America,Palm Beach Atlantic University
United States of America,Palm Beach State College
United States of America,Palmer College of Chiropractic
United States of America,Palmer College of Chiropractic West
United States of America,Park College
United States of America,Parsons School of Design
United States of America,Paul Quinn College
United States of America,Peace College
United States of America,Pebble Hills University
United States of America,Pennsylvania Academy of the Fine Arts
United States of America,Pennsylvania College of Optometry
United States of America,Pennsylvania Institute of Technology
United States of America,Pennsylvania State University
United States of America,Pennsylvania State University - Abington
United States of America,Pennsylvania State University - Altoona
United States of America,Pennsylvania State University at Erie - Behrend College
United States of America,Pennsylvania State University at Harrisburg - The Capital College
United States of America,Pennsylvania State University - Berks-Lehigh Valley College
United States of America,Pennsylvania State University Delaware County
United States of America,Pennsylvania State University Great Valley
United States of America,Pennsylvania State University - Lehigh Valley
United States of America,Pennsylvania State University - Milton S.Hershey Medical Center
United States of America,Pennsylvania State University - Schuylkill
United States of America,Pepperdine University
United States of America,Peru State College
United States of America,Pfeiffer University
United States of America,Philadelphia College of Bible
United States of America,Philadelphia College of Osteopathic Medicine
United States of America,Philadelphia University
United States of America,Philander Smith College
United States of America,Phillips Graduate Institute
United States of America,Phillips University
United States of America,Piedmont Baptist College
United States of America,Piedmont College
United States of America,Pikeville College
United States of America,Pillsbury Baptist Bible College
United States of America,Pittsburg State University
United States of America,Pitzer College
United States of America,Plymouth State College
United States of America,Point Loma Nazarene College
United States of America,Point Park College
United States of America,Polytechnic University
United States of America,Polytechnic University, Long Island Campus
United States of America,Polytechnic University, Westchester Graduate Center
United States of America,Pomona College
United States of America,Portland Community College
United States of America,Portland State University
United States of America,Post University of Waterbury
United States of America,Prairie View Agricultural and Mechanical University
United States of America,Pratt Institute
United States of America,Presbyterian College
United States of America,Prescott College
United States of America,Preston University
United States of America,Princeton University
United States of America,Principia College
United States of America,Providence College
United States of America,Puget Sound Christian College
United States of America,Purdue University
United States of America,Purdue University Calumet
United States of America,Purdue University North Central
United States of America,Quantum-Veritas International University
United States of America,Queens College
United States of America,Quincy University
United States of America,Quinnipiac College
United States of America,Radford University
United States of America,Ramapo College of New Jersey
United States of America,Rand Graduate School of Policy Studies
United States of America,Randolph-Macon College
United States of America,Randolph-Macon Woman's College
United States of America,Rasmussen College
United States of America,Rasmussen College, Florida Campuses
United States of America,Rasmussen College, Illinois Campuses
United States of America,Rasmussen College, Minnesota Campuses
United States of America,Rasmussen College, North Dakota Campuses
United States of America,Rasmussen College, Wisconsin Campuses
United States of America,Reed College
United States of America,Reformed Bible College
United States of America,Regent International University
United States of America,Regent University
United States of America,Regis College
United States of America,Regis University
United States of America,Reinhardt College
United States of America,Rensselaer Polytechnic Institute
United States of America,Research College of Nursing - Rockhurst University
United States of America,Rhode Island College
United States of America,Rhode Island School of Design
United States of America,Rhodes College
United States of America,Rice University
United States of America,Richard Stockton College of New Jersey
United States of America,Rider University
United States of America,Ringling College of Art and Design
United States of America,Ripon College
United States of America,Rivier College
United States of America,Roanoke Bible College
United States of America,Roanoke College
United States of America,Robert Morris College
United States of America,Robert Morris College of Chicago
United States of America,Roberts Wesleyan College
United States of America,Rochester College
United States of America,Rochester Institute of Technology
United States of America,Rockford College
United States of America,Rockhurst College
United States of America,Rock Valley College
United States of America,Rocky Mountain College
United States of America,Rocky Mountain College of Art and Design
United States of America,Rogers State University
United States of America,Roger Williams University
United States of America,Rollins College
United States of America,Roosevelt University
United States of America,Rose-Hulman Institute of Technology
United States of America,Rosemont College
United States of America,Ross University, School of Medicine
United States of America,Rowan University
United States of America,Rush University
United States of America,Russel Sage College
United States of America,Rust College
United States of America,Rutgers, The State University of New Jersey
United States of America,Rutgers, The State University of New Jersey - Camden
United States of America,Rutgers, The State University of New Jersey - Newark
United States of America,Sacred Heart University
United States of America,Sage Graduate School
United States of America,Saginaw Valley State University
United States of America,Salem College
United States of America,Salem International University
United States of America,Salem State College
United States of America,Salem Teikyo University
United States of America,Salisbury State University
United States of America,Salve Regina University
United States of America,Samford University
United States of America,Sam Houston State University
United States of America,Samuel Merritt College
United States of America,San Diego State University
United States of America,San Diego University for Integrative Studies
United States of America,Sanford-Brown Institute
United States of America,San Francisco Art Institute
United States of America,San Francisco Conservatory of Music
United States of America,San Francisco State University
United States of America,San Joaquin College of Law
United States of America,San Jose Christian College
United States of America,San Jose State University
United States of America,Santa Clara University
United States of America,Sarah Lawrence College
United States of America,Savannah College of Art and Design
United States of America,Savannah State University
United States of America,Saybrook Institute
United States of America,Schiller International University
United States of America,Scholl College of Podiatric Medicine
United States of America,School for International Training
United States of America,School of the Museum of Fine Arts
United States of America,School of the Visual Arts
United States of America,Schreiner College
United States of America,Scripps College
United States of America,Seattle Pacific University
United States of America,Seattle University
United States of America,Seton Hall University
United States of America,Seton Hill College
United States of America,Shawnee Community College
United States of America,Shawnee State University
United States of America,Shaw University
United States of America,Sheldon Jackson College
United States of America,Shenandoah University
United States of America,Shepherd College
United States of America,Sherman College of Straight Chiropractic
United States of America,Shimer College
United States of America,Shippensburg University of Pennsylvania
United States of America,Shoreline Community College
United States of America,Shorter College
United States of America,Siena College
United States of America,Siena Heights University
United States of America,Sierra Nevada College
United States of America,Silver Lake College
United States of America,Simmons College
United States of America,Simon's Rock College
United States of America,Simpson College
United States of America,Simpson College Iowa
United States of America,Sinte Gleska University
United States of America,Skadron College
United States of America,Skidmore College
United States of America,Slippery Rock University
United States of America,Smith College
United States of America,Sojourner-Douglass College
United States of America,Soka University of America
United States of America,Sonoma State University
United States of America,South Carolina State University
United States of America,South Dakota School of Mines and Technology
United States of America,South Dakota State University
United States of America,Southeastern Baptist College
United States of America,Southeastern Bible College
United States of America,Southeastern College of the Assemblies of God
United States of America,Southeastern Louisiana University
United States of America,Southeastern Oklahoma State University
United States of America,Southeastern University
United States of America,Southeast Missouri State University
United States of America,Southern Adventist University
United States of America,Southern Arkansas University
United States of America,Southern California College
United States of America,Southern California College of Optometry
United States of America,Southern California Institute of Architecture
United States of America,Southern College of Optometry
United States of America,Southern Connecticut State University
United States of America,Southern Illinois University at Carbondale
United States of America,Southern Illinois University at Edwardsville
United States of America,Southern Methodist University
United States of America,Southern Nazarene University
United States of America,Southern New Hampshire University
United States of America,Southern Oregon University
United States of America,Southern Polytechnic State Univerisity
United States of America,Southern University - Baton Rouge
United States of America,Southern University - New Orleans
United States of America,Southern University - Shreveport
United States of America,Southern Utah University
United States of America,Southern Vermont College
United States of America,Southern Wesleyan University
United States of America,South Florida Bible College & Theological Seminary
United States of America,South Texas College of Law
United States of America,Southwest Baptist University
United States of America,Southwestern Adventist University
United States of America,Southwestern Assemblies of God University
United States of America,Southwestern Baptist Theological Seminary
United States of America,Southwestern Christian College
United States of America,Southwestern Christian University
United States of America,Southwestern College Kansas
United States of America,Southwestern College Santa Fe
United States of America,Southwestern Oklahoma State University
United States of America,Southwestern University
United States of America,Southwestern University School of Law
United States of America,Southwest Missouri State University
United States of America,Southwest Missouri State University - West Plains
United States of America,Southwest State University
United States of America,Southwest Texas State University
United States of America,Southwest University
United States of America,Spalding University
United States of America,Spelman College
United States of America,Spertus Institute of Jewish Studies
United States of America,Spring Arbor College
United States of America,Springfield College
United States of America,Spring Hill College
United States of America,St. Ambrose University
United States of America,Standford Online University
United States of America,Standford University
United States of America,St. Andrews Presbyterian College
United States of America,Stanford University
United States of America,St. Anselm College
United States of America,St. Anthony College of Nursing
United States of America,State University of New York at Albany
United States of America,State University of New York at Binghamton
United States of America,State University of New York at Buffalo
United States of America,State University of New York at New Paltz
United States of America,State University of New York at Oswego
United States of America,State University of New York at Stony Brook
United States of America,State University of New York College at Brockport
United States of America,State University of New York College at Cortland
United States of America,State University of New York College at Fredonia
United States of America,State University of New York College at Geneseo
United States of America,State University of New York College at Old Westbury
United States of America,State University of New York College at Oneonta
United States of America,State University of New York College at Plattsburgh
United States of America,State University of New York College at Potsdam
United States of America,State University of New York College at Purchase
United States of America,State University of New York College of Agriculture and Technology at Cobleskill
United States of America,State University of New York College of Environmental Science and Forestry
United States of America,State University of New York College of Optometry
United States of America,State University of New York College of Technology at Alfred
United States of America,State University of New York College of Technology at Farmingdale
United States of America,State University of New York Downstate Medical Center
United States of America,State University of New York Empire State College
United States of America,State University of New York Health Sience Centre Syracuse
United States of America,State University of New York Institute of Technology at Utica/Rome
United States of America,State University of New York Maritime College
United States of America,State University of New York School of Engineering and Applied Sciences
United States of America,State University of New York (SUNY)
United States of America,State University of New York Upstate Medical University 
United States of America,State University of West Georgia
United States of America,St. Augustine's College North Carolina
United States of America,St. Bernard's Institute
United States of America,St. Bonaventure University
United States of America,St. Cloud State University
United States of America,St. Edwards University
United States of America,Stefan University
United States of America,Stephen F. Austin State University
United States of America,Stephens College
United States of America,Sterling College
United States of America,Stetson University
United States of America,Stevens Institute of Technology
United States of America,St. Francis College, Brooklyn Heights
United States of America,St. Francis College, Fort Wayne
United States of America,St. Francis College, Loretto
United States of America,St. Francis Medical Center College of Nursing
United States of America,St. George's University
United States of America,Stillman College
United States of America,St. John Fisher College
United States of America,St. John's College Maryland
United States of America,St. John's College New Mexico
United States of America,St. John's Seminary
United States of America,St. John's University
United States of America,St. Joseph College
United States of America,St. Joseph College of Nursing
United States of America,St. Joseph's College
United States of America,St. Joseph's College New York
United States of America,St. Joseph's College New York, Suffolk Campus
United States of America,St. Joseph's College of Maine
United States of America,St. Joseph's University
United States of America,St. Lawrence University
United States of America,St. Leo College
United States of America,St. Louis Christian College
United States of America,St. Louis College of Pharmacy
United States of America,St. Louis University
United States of America,St. Luke's College
United States of America,St. Martin's College
United States of America,St. Mary College
United States of America,St. Mary-of-the-Woods College
United States of America,St. Mary's College Indiana
United States of America,St. Mary's College of California
United States of America,St. Mary's College of Maryland
United States of America,St. Mary's University of Minnesota
United States of America,St. Mary's University of San Antonio
United States of America,St. Meinrad College
United States of America,St. Michael's College
United States of America,St. Norbert College
United States of America,St. Olaf College
United States of America,Stonehill College
United States of America,St. Paul's College
United States of America,St. Petersburg College
United States of America,St. Peter's College
United States of America,Strayer University
United States of America,St. Thomas Aquinas College
United States of America,St. Thomas University
United States of America,St. Vincent College
United States of America,St. Xavier University
United States of America,Suffolk University
United States of America,Sullivan College
United States of America,Sul Ross State University
United States of America,Susquehanna University
United States of America,Swarthmore College
United States of America,Sweet Briar College
United States of America,Syracuse University
United States of America,Tabor College
United States of America,Talladega College
United States of America,Tarleton State University
United States of America,Taylor University
United States of America,Taylor University, Fort Wayne Campus
United States of America,Teachers College, Columbia University
United States of America,Temple University
United States of America,Temple University School of Podiatric Medicine
United States of America,Tennessee State University
United States of America,Tennessee Technological University
United States of America,Tennessee Temple University
United States of America,Tennessee Wesleyan College
United States of America,Texas A&M International University
United States of America,Texas A&M University
United States of America,Texas A&M University - Commerce
United States of America,Texas A&M University - Corpus Christi
United States of America,Texas A&M University - Galveston
United States of America,Texas A&M University - Kingsville
United States of America,Texas A&M University - Texarkana
United States of America,Texas Chiropractic College
United States of America,Texas Christian University
United States of America,Texas College
United States of America,Texas College of Osteopathic Medicine
United States of America,Texas Lutheran University
United States of America,Texas Southern University
United States of America,Texas Tech University
United States of America,Texas Tech University Health Science Center
United States of America,Texas Wesleyan University
United States of America,Texas Woman's University
United States of America,The American College
United States of America,The Art Institute of Boston
United States of America,The Art Institutes International Portland
United States of America,The Art Institutes International San Francisco
United States of America,The Boston Conservatory
United States of America,The Catholic University of America
United States of America,The Chicago School of Professional Psychology
United States of America,The College of Insurance
United States of America,The College of New Jersey
United States of America,The College of Santa Fe
United States of America,The College of St. Scholastica
United States of America,The College of Westchester
United States of America,The College of Wooster
United States of America,The Cooper Union for the Advancement of Science and Art
United States of America,The Corcoran College of Art
United States of America,The Curtis Institute of Music
United States of America,The Defiance College
United States of America,The Dickinson School of Law
United States of America,The Illinois Institute of Art-Chicago
United States of America,The Johns Hopkins University
United States of America,The Juilliard School
United States of America,The Leadership Institute of Seattle
United States of America,The Maryland Institute, College of Art
United States of America,The Master's College
United States of America,The McGregor School of Antioch University
United States of America,The Naropa Institute
United States of America,The New School
United States of America,The Rockefeller University
United States of America,The School of the Art Institute of Chicago
United States of America,The Scripps Research Institute
United States of America,The Southern Christian University
United States of America,The Tulane University of New Orleans
United States of America,The Union Institute
United States of America,Thiel College
United States of America,Thomas A. Edison State College
United States of America,Thomas Aquinas College
United States of America,Thomas College Maine
United States of America,Thomas Jefferson University
United States of America,Thomas More College
United States of America,Thomas More College of Liberal Arts
United States of America,Thomas University
United States of America,Thunderbird School of Global Management
United States of America,Tiffin University
United States of America,Toccoa Falls College
United States of America,Tomball College
United States of America,Tougaloo College
United States of America,Touro College
United States of America,Touro University
United States of America,Towson University
United States of America,Transylvania University
United States of America,Trevecca Nazarene University
United States of America,Tri-College University
United States of America,Trident University
United States of America,Trinity Bible College
United States of America,Trinity Christian College
United States of America,Trinity College Connecticut
United States of America,Trinity College of Florida
United States of America,Trinity College of Vermont
United States of America,Trinity International University
United States of America,Trinity International University (Excel), Miami
United States of America,Trinity University
United States of America,Trinity University
United States of America,Tri-State University
United States of America,Triton College
United States of America,Troy University
United States of America,Troy University, Dothan
United States of America,Troy University, Montgomery
United States of America,Troy University, Phenix City
United States of America,Troy University, Troy
United States of America,Truman College
United States of America,Truman State University
United States of America,Tufts University
United States of America,Tui Online University
United States of America,Tusculum College
United States of America,Tuskegee University
United States of America,Uniformed Services Universty of the Health Sciences
United States of America,Union College
United States of America,Union College Kentucky
United States of America,Union College Nebraska
United States of America,Union Theological Seminary (UTS)
United States of America,Union University
United States of America,United States Air Force Academy
United States of America,United States Coast Guard Academy
United States of America,United States International University
United States of America,United States Merchant Marine Academy
United States of America,United States Military Academy
United States of America,United States Naval Academy
United States of America,United States Sports Academy
United States of America,Unity College
United States of America,University of Advancing Technology (UAT)
United States of America,University of Akron
United States of America,University of Alabama - Birmingham
United States of America,University of Alabama - Huntsville
United States of America,University of Alabama - Tuscaloosa
United States of America,University of Alanta
United States of America,University of Alaska - Anchorage
United States of America,University of Alaska - Fairbanks
United States of America,University of Alaska - Southeast
United States of America,University of Alaska (System)
United States of America,University of Arizona
United States of America,University of Arkansas at Fayetteville
United States of America,University of Arkansas at Little Rock
United States of America,University of Arkansas at Monticello
United States of America,University of Arkansas at Pine Bluff
United States of America,University of Arkansas for Medical Sciences
United States of America,University of Arkansas (System)
United States of America,University of Baltimore
United States of America,University of Bridgeport
United States of America,University of California, Berkeley
United States of America,University of California, Davis
United States of America,University of California, Hastings College of Law
United States of America,University of California, Irvine
United States of America,University of California, Los Angeles
United States of America,University of California, Merced
United States of America,University of California, Oakland
United States of America,University of California, Riverside
United States of America,University of California, San Diego
United States of America,University of California, San Francisco
United States of America,University of California, Santa Barbara
United States of America,University of California, Santa Cruz
United States of America,University of California System
United States of America,University of Central Arkansas
United States of America,University of Central Florida
United States of America,University of Central Missouri
United States of America,University of Central Oklahoma
United States of America,University of Central Texas
United States of America,University of Charleston
United States of America,University of Charleston South Carolina
United States of America,University of Chicago
United States of America,University of Cincinnati
United States of America,University of Colorado at Boulder
United States of America,University of Colorado at Colorado Springs
United States of America,University of Colorado at Denver
United States of America,University of Colorado Health Sciences Center
United States of America,University of Connecticut
United States of America,University of Connecticut at Avery Point
United States of America,University of Connecticut at Hartford
United States of America,University of Connecticut at Stamford
United States of America,University of Connecticut at Waterbury
United States of America,University of Connecticut Health Center
United States of America,University of Dallas
United States of America,University of Dayton
United States of America,University of Delaware
United States of America,University of Denver
United States of America,University of Detroit Mercy
United States of America,University of Dubuque
United States of America,University of Evansville
United States of America,University of Findlay
United States of America,University of Florida
United States of America,University of Georgia
United States of America,University of Great Falls
United States of America,University of Hartford
United States of America,University of Hawaii - Hilo
United States of America,University of Hawaii - Manoa
United States of America,University Of Hawaii - System
United States of America,University of Hawaii - West Oahu
United States of America,University of Health Sciences
United States of America,University of Houston
United States of America,University of Houston, Clear Lake
United States of America,University of Houston, Downtown
United States of America,University of Houston, Victoria
United States of America,University of Idaho
United States of America,University of Illinois
United States of America,University of Illinois at Chicago
United States of America,University of Illinois at Springfield
United States of America,University of Illinois at Urbana-Champaign
United States of America,University of Indianapolis
United States of America,University of Iowa
United States of America,University of Kansas
United States of America,University of Kentucky
United States of America,University of La Verne
United States of America,University of Louisiana at Lafayette
United States of America,University of Louisiana at Monroe
United States of America,University of Louisville
United States of America,University of Maine, Augusta
United States of America,University of Maine, Farmington
United States of America,University of Maine, Fort Kent
United States of America,University of Maine, Machias
United States of America,University of Maine, Orono
United States of America,University of Maine, Presque Isle
United States of America,University of Maine (System)
United States of America,University of Management & Technology
United States of America,University of Mary
United States of America,University of Mary Hardin-Baylor
United States of America,University of Maryland at Baltimore
United States of America,University of Maryland at College Park
United States of America,University of Maryland Baltimore County
United States of America,University of Maryland Eastern Shore
United States of America,University of Maryland Medicine
United States of America,University of Maryland (System)
United States of America,University of Maryland University College
United States of America,University of Massachusetts at Amherst
United States of America,University of Massachusetts at Boston
United States of America,University of Massachusetts at Dartmouth
United States of America,University of Massachusetts at Lowell
United States of America,University of Massachusetts Medical Center at Worcester
United States of America,University of Massachusetts (System)
United States of America,University of Medicine and Dentistry of New Jersey
United States of America,University of Memphis
United States of America,University of Miami
United States of America,University of Michigan - Ann Arbor
United States of America,University of Michigan - Dearborn
United States of America,University of Michigan - Flint
United States of America,University of Minnesota - Crookston
United States of America,University of Minnesota - Duluth
United States of America,University of Minnesota - Morris
United States of America,University of Minnesota - Twin Cities Campus
United States of America,University of Mississippi
United States of America,University of Mississippi Medical Center
United States of America,University of Missouri - Columbia
United States of America,University of Missouri - Kansas City
United States of America,University of Missouri - Saint Louis
United States of America,University of Mobile
United States of America,University of Montana
United States of America,University of Montana Western
United States of America,University of Montevallo
United States of America,University of Nebraska - Kearney
United States of America,University of Nebraska - Lincoln
United States of America,University of Nebraska Medical Center
United States of America,University of Nebraska - Omaha
United States of America,University of Nebraska (System)
United States of America,University of Nevada - Las Vegas
United States of America,University of Nevada - Reno
United States of America,University of New England
United States of America,University of New England, Westbrook College Campus
United States of America,University of New Hampshire
United States of America,University of New Hampshire - Manchester
United States of America,University of New Haven
United States of America,University of New Mexico
United States of America,University of New Orleans
United States of America,University of North Alabama
United States of America,University of North America
United States of America,University of North Carolina at Asheville
United States of America,University of North Carolina at Chapel Hill
United States of America,University of North Carolina at Charlotte
United States of America,University of North Carolina at Greensboro
United States of America,University of North Carolina at Pembroke
United States of America,University of North Carolina at Wilmington
United States of America,University of North Dakota
United States of America,University of Northern Colorado
United States of America,University of Northern Iowa
United States of America,University of Northern Virginia
United States of America,University of Northern Washington
United States of America,University of North Florida
United States of America,University of North Texas
United States of America,University of North Texas Health Science Center at Fort Worth
United States of America,University of NorthWest
United States of America,University of Notre Dame
United States of America,University of Oklahoma
United States of America,University of Oklahoma Health Sciences Center
United States of America,University of Oregon
United States of America,University of Osteopathic Medicine and Health Science
United States of America,University of Pennsylvania
United States of America,University of Phoenix
United States of America,University of Pittsburgh
United States of America,University of Pittsburgh at Bradford
United States of America,University of Pittsburgh at Greensburg
United States of America,University of Pittsburgh at Johnstown
United States of America,University of Portland
United States of America,University of Puget Sound
United States of America,University of Redlands
United States of America,University of Rhode Island
United States of America,University of Richmond
United States of America,University of Rio Grande
United States of America,University of Rochester
United States of America,University of San Diego
United States of America,University of San Francisco
United States of America,University of Science and Arts of Oklahoma
United States of America,University of Scranton
United States of America,University of Sioux Falls
United States of America,University of South Alabama
United States of America,University of South Carolina
United States of America,University of South Carolina - Aiken
United States of America,University of South Carolina - Beaufort
United States of America,University of South Carolina - Lancaster
United States of America,University of South Carolina - Salkehatchie
United States of America,University of South Carolina - Spartanburg
United States of America,University of South Carolina - Sumter
United States of America,University of South Carolina - Union
United States of America,University of South Dakota
United States of America,University of Southern California
United States of America,University of Southern Indiana
United States of America,University of Southern Maine
United States of America,University of Southern Mississippi
United States of America,University of South Florida
United States of America,University of St. Francis
United States of America,University of St. Thomas, Houston
United States of America,University of St. Thomas, St. Paul
United States of America,University of Tampa
United States of America,University of Tennessee - Chattanooga
United States of America,University of Tennessee - Knoxville
United States of America,University of Tennessee - Martin
United States of America,University of Tennessee - Memphis
United States of America,University of Tennessee Space Institute
United States of America,University of Texas
United States of America,University of Texas at Arlington
United States of America,University of Texas at Austin
United States of America,University of Texas at Brownsville
United States of America,University of Texas at Dallas
United States of America,University of Texas at El Paso
United States of America,University of Texas at San Antonio
United States of America,University of Texas at Tyler
United States of America,University of Texas Health Center at Houston
United States of America,University of Texas Health Center at Tyler
United States of America,University of Texas Health Science Center at San Antonio
United States of America,University of Texas M.D. Anderson Cancer Center
United States of America,University of Texas Medical Branch Galveston
United States of America,University of Texas of the Permian Basin
United States of America,University of Texas Pan American
United States of America,University of Texas Southwestern Medical Center at Dallas
United States of America,University of the Arts
United States of America,University of the District of Columbia
United States of America,University of the Incarnate World
United States of America,University of the Ozarks
United States of America,University of the Pacific
United States of America,University of the Sciences in Philadelphia
United States of America,University of the South
United States of America,University of the Southwest
United States of America,University of Toledo
United States of America,University of Tulsa
United States of America,University of Utah
United States of America,University of Vermont
United States of America,University of Virginia
United States of America,University of Virginia, College at Wise
United States of America,University of Washington
United States of America,University of Washington, Tacoma
United States of America,University of West Alabama
United States of America,University of West Florida
United States of America,University of West Los Angeles
United States of America,University of Wisconsin - Eau Claire
United States of America,University of Wisconsin - Green Bay
United States of America,University of Wisconsin - La Crosse
United States of America,University of Wisconsin - Madison
United States of America,University of Wisconsin - Milwaukee
United States of America,University of Wisconsin - Oshkosh
United States of America,University of Wisconsin - Parkside
United States of America,University of Wisconsin - Platteville
United States of America,University of Wisconsin - River Falls
United States of America,University of Wisconsin - Stevens Point
United States of America,University of Wisconsin - Stout
United States of America,University of Wisconsin - Superior
United States of America,University of Wisconsin - Whitewater
United States of America,University of Wyoming
United States of America,Upper Iowa University
United States of America,Urbana University
United States of America,Ursinus College
United States of America,Ursuline College
United States of America,Utah State University
United States of America,Utah Valley State College
United States of America,Utica College
United States of America,Valdosta State University
United States of America,Valley City State University
United States of America,Valley Forge Christian College
United States of America,Valparaiso University
United States of America,Vanderbilt University
United States of America,VanderCook College of Music
United States of America,Vanguard University of Southern California
United States of America,Vassar College
United States of America,Vennard College
United States of America,Vermont Law School
United States of America,Vermont Technical College
United States of America,Villa Julie College
United States of America,Villanova University
United States of America,Virginia College
United States of America,Virginia Commonwealth University
United States of America,Virginia Intermont College
United States of America,Virginia International University
United States of America,Virginia Military Institute
United States of America,Virginia Polytechnic Institute and State University (Virginia Tech)
United States of America,Virginia State University
United States of America,Virginia Union University
United States of America,Virginia Wesleyan College
United States of America,Viterbo College
United States of America,Voorhees College
United States of America,Wabash College
United States of America,Wagner College
United States of America,Wake Forest University
United States of America,Walden University
United States of America,Walla Walla College
United States of America,Walsh College of Accountancy and Business Administration
United States of America,Walsh University
United States of America,Warner Pacific College
United States of America,Warner Southern College
United States of America,Warren Wilson College
United States of America,Wartburg College
United States of America,Washburn University
United States of America,Washington and Lee University
United States of America,Washington Bible College
United States of America,Washington College
United States of America,Washington State University
United States of America,Washington State University, Spokane
United States of America,Washington State University, Tri-Cities
United States of America,Washington State University, Vancouver
United States of America,Washington University in St. Louis
United States of America,Wayland Baptist University
United States of America,Waynesburg College
United States of America,Wayne State College
United States of America,Wayne State University
United States of America,Webber College
United States of America,Webb Institute
United States of America,Weber State University
United States of America,Webster University
United States of America,Webster University North Florida
United States of America,Weill Medical College of Cornell University
United States of America,Wellesley College
United States of America,Wells College
United States of America,Wentworth Institute of Technology
United States of America,Wesleyan College
United States of America,Wesleyan University
United States of America,Wesley College
United States of America,Wesley College Mississippi
United States of America,Westbrook University 
United States of America,West Chester University of Pennsylvania
United States of America,West Coast University
United States of America,Western Baptist College
United States of America,Western Bible College
United States of America,Western Carolina University
United States of America,Western Connecticut State University
United States of America,Western Governors University
United States of America,Western Illinois University
United States of America,Western International University
United States of America,Western Kentucky University
United States of America,Western Maryland College
United States of America,Western Michigan University
United States of America,Western New England College
United States of America,Western New Mexico University
United States of America,Western Oregon University
United States of America,Western State College
United States of America,Western States Chiropractic College
United States of America,Western State University College of Law
United States of America,Western State University College of Law - Orange County
United States of America,Western Washington University
United States of America,Westfield State College
United States of America,West Liberty State College
United States of America,Westminster College Fulton
United States of America,Westminster College New Wilmington
United States of America,Westminster College of Salt Lake City
United States of America,Westmont College
United States of America,West Suburban College of Nursing
United States of America,West Texas A&M University
United States of America,West Virginia School of Osteopathic Medicine
United States of America,West Virginia State College
United States of America,West Virginia University
United States of America,West Virginia University Institute of Technology
United States of America,West Virginia Wesleyan College
United States of America,Westwood College
United States of America,Wheaton College Massachusetts
United States of America,Wheeling Jesuit University
United States of America,Wheelock College
United States of America,Whitman College
United States of America,Whittier College
United States of America,Whitworth College
United States of America,Wichita State University
United States of America,Widener University
United States of America,Wilberforce University
United States of America,Wilbur Wright College
United States of America,Wiley College
United States of America,Wilkes University
United States of America,Willamette University
United States of America,William Carey College
United States of America,William Jewell College
United States of America,William Mitchell College of Law
United States of America,William Paterson University
United States of America,William Penn College
United States of America,Williams Baptist College
United States of America,Williams College
United States of America,William Tyndale College
United States of America,William Woods University
United States of America,Wilmington College
United States of America,Wilmington College
United States of America,Wilson College
United States of America,Wingate University
United States of America,Winona State University
United States of America,Winston-Salem State University
United States of America,Winthrop University
United States of America,Wisconsin Lutheran College
United States of America,Wisconsin School of Professional Psychology
United States of America,Wittenberg University
United States of America,Wofford College
United States of America,Woodbury University
United States of America,Worcester Polytechnic Institute
United States of America,Worcester State College
United States of America,Wright Institute
United States of America,Wright State University
United States of America,Xavier University
United States of America,Xavier University of Louisiana
United States of America,Yale University
United States of America,Yeshiva University
United States of America,York College Nebraska
United States of America,York College of Pennsylvania
United States of America,Yorker International University
United States of America,York University
United States of America,Youngstown State University
Uruguay,Insituto Universitario - Centro Latinoamericano de Economia Humana - IU Claeh
Uruguay,Universidad CatÛlica del Uruguay
Uruguay,Universidad de la Empresa (UDE)
Uruguay,Universidad de la RepÌ∫blica
Uruguay,Universidad de Montevideo
Uruguay,Universidad ORT Uruguay
Uzbekistan,Ferghana Politechnical Institute
Uzbekistan,International Business School Kelajak ILMI
Uzbekistan,Kokand State Pedagogical Institute
Uzbekistan,Management Development Institute of Singapore, Tashkent
Uzbekistan,National University of Uzbekistan
Uzbekistan,Nukus State Teachers Training Institute
Uzbekistan,Samarkand State University
Uzbekistan,Tashkent Automobile and Roads Institute
Uzbekistan,Tashkent Institute of Irrigation and Melioration
Uzbekistan,Tashkent Islam University
Uzbekistan,Tashkent Medical Academy
Uzbekistan,Tashkent Pharmaceutical Institute
Uzbekistan,Tashkent School of Finance
Uzbekistan,Tashkent State Agrarian University
Uzbekistan,Tashkent State Technical University
Uzbekistan,Tashkent State University of Economics
Uzbekistan,Tashkent State University of Oriental Studies 
Uzbekistan,Tashkent University of Information Technologies
Uzbekistan,Turin Polytechnic University In Tashkent
Uzbekistan,University of World Economy and Diplomacy
Uzbekistan,Uzbek State World Languages University
Uzbekistan,Westminster International University in Tashkent
Holy See,Athenaeum Pontificium Regina Apostolorum
Holy See,Pontifcia UniversitÌ† Gregoriana
Holy See,Pontifcia Universitas a S.Thomas Aquinate in Urbe
Holy See,Pontifcia Universitas Lateranensis
Holy See,Pontifcia UniversitÌ† Urbaniana
Holy See,UniversitÌ† Pontifcia Salesiana
Saint Vincent and the Grenadines,Trinity University School of Medicine
Venezuela (Bolivarian Republic of),Universidad Bicentenaria de Aragua
Venezuela (Bolivarian Republic of),Universidad Bolivariana de Venezuela
Venezuela (Bolivarian Republic of),Universidad CatÛlica Andres Bello
Venezuela (Bolivarian Republic of),Universidad CatÛlica Cecilio Acosta
Venezuela (Bolivarian Republic of),Universidad CatÛlica del TÌ°chira
Venezuela (Bolivarian Republic of),Universidad Central de Venezuela
Venezuela (Bolivarian Republic of),Universidad Centro Occidental Lisandro Alvarado
Venezuela (Bolivarian Republic of),Universidad de Carabobo
Venezuela (Bolivarian Republic of),Universidad de Los Andes
Venezuela (Bolivarian Republic of),Universidad del Zulia
Venezuela (Bolivarian Republic of),Universidad de Oriente
Venezuela (Bolivarian Republic of),Universidad Dr. Rafael Belloso ChacÌ≠n
Venezuela (Bolivarian Republic of),Universidad Fermin Toro
Venezuela (Bolivarian Republic of),Universidad Gran Mariscal de Ayacucho
Venezuela (Bolivarian Republic of),Universidad JosÈ Antonio P‡°ez
Venezuela (Bolivarian Republic of),Universidad JosÈ Maria Vargas
Venezuela (Bolivarian Republic of),Universidad Metropolitana
Venezuela (Bolivarian Republic of),Universidad MonteÌ°vila
Venezuela (Bolivarian Republic of),Universidad Nacional Abierta
Venezuela (Bolivarian Republic of),Universidad Nacional Experimental de Guayana
Venezuela (Bolivarian Republic of),Universidad Nacional Experimental de la Fuerza Armada
Venezuela (Bolivarian Republic of),Universidad Nacional Experimental de los Llanos Occidentales Ezequiel Zamora
Venezuela (Bolivarian Republic of),Universidad Nacional Experimental del TÌ°chira
Venezuela (Bolivarian Republic of),Universidad Nacional Experimental Francisco de Miranda
Venezuela (Bolivarian Republic of),Universidad Nacional Experimental PolitÈcnica Antonio JosÈ de Sucre
Venezuela (Bolivarian Republic of),Universidad Nacional Experimental Rafael Maria Baralt
Venezuela (Bolivarian Republic of),Universidad Nacional Experimental Romulo Gallegos
Venezuela (Bolivarian Republic of),Universidad Nacional Experimental SimÛn Rodriguez
Venezuela (Bolivarian Republic of),Universidad Nacional Experimental Sur del Lago JesÌ∫s Maria Semprum
Venezuela (Bolivarian Republic of),Universidad Nueva Esparta
Venezuela (Bolivarian Republic of),Universidad PedagÛgica Experimental Libertador
Venezuela (Bolivarian Republic of),Universidad Rafael Urdaneta
Venezuela (Bolivarian Republic of),Universidad Santa Maria Caracas
Venezuela (Bolivarian Republic of),Universidad SimÛn Bolivar
Venezuela (Bolivarian Republic of),Universidad TecnolÛgica del Centro
Venezuela (Bolivarian Republic of),Universidad Valle del Momboy
Venezuela (Bolivarian Republic of),Universidad Yacambu
Virgin Islands (U.S.),University of the Virgin Islands
Viet Nam,Banking University of Ho Chi Minh City
Viet Nam,Binh Duong University
Viet Nam,Can-Tho University
Viet Nam,Danang College Of Technology
Viet Nam,Foreign Trade University
Viet Nam,FPT University
Viet Nam,Hai Duong University
Viet Nam,Hanoi Medical University
Viet Nam,Hanoi National Economics University
Viet Nam,Hanoi Open University
Viet Nam,Hanoi University of Architecture
Viet Nam,Hanoi University of Civil Engineering
Viet Nam,Hanoi University of Mining and Geology
Viet Nam,Hanoi University of Science
Viet Nam,Hanoi University of Science & Technology
Viet Nam,Ho Chi Minh City Open University
Viet Nam,Ho Chi Minh City University of Agriculture and Forestry
Viet Nam,Ho Chi Minh City University of Architecture
Viet Nam,Ho Chi Minh City University of Economics
Viet Nam,Ho Chi Minh City University of Foreign Languages and Information Technology
Viet Nam,Ho Chi Minh City University of Law
Viet Nam,Ho Chi Minh City University of Medicine and Pharmacy
Viet Nam,Ho Chi Minh City University of Natural Sciences
Viet Nam,Ho Chi Minh City University of Pedagogics
Viet Nam,Ho Chi Minh City University of Social Sciences and Humanities
Viet Nam,Ho Chi Minh City University of Technology
Viet Nam,Ho Chi Minh City University of Transport
Viet Nam,Hong Bang University International
Viet Nam,Hue University
Viet Nam,Hue University of Agriculture and Forestry 
Viet Nam,Institute of Finance
Viet Nam,Posts & Telecommunications Institute of Technology
Viet Nam,RMIT International University Vietnam
Viet Nam,Saigon University
Viet Nam,Tay Nguyen University
Viet Nam,Thainguyen University of Agriculture and Forestry
Viet Nam,University of Da Lat
Viet Nam,University of Da Nang
Viet Nam,University of Technical Education Ho Chi Minh City
Viet Nam,University of Transport and Communications
Viet Nam,Vietnam Maritime University
Viet Nam,Vietnam National University Hanoi
Viet Nam,Vietnam National University Ho Chi Minh City
Viet Nam,Vietnam National University of Agriculture
Viet Nam,Water Resources University
Samoa,National University of Samoa
Samoa,University of the South Pacific School of Agriculture
Yemen,Alahgaff University
Yemen,Al-Eman University
Yemen,Al-Nasser University
Yemen,Hadhramout University of Science and Technology 
Yemen,Hodeidah University
Yemen,Queen Arwa University
Yemen,Saba University
Yemen,Sana'a University
Yemen,Taiz University
Yemen,Thamar University
Yemen,University of Aden
Yemen,University of Modern Sciences
Yemen,University of Science and Technology Sana'a
Yemen,Yemenia University
South Africa,Cape Peninsula University of Technology
South Africa,Central University of Technology, Free State
South Africa,Durban Institute of Technology
South Africa,Nelson Mandela Metropolitan University
South Africa,Rhodes University
South Africa,Tshwane University of Technology
South Africa,University of Cape Town
South Africa,University of Fort Hare
South Africa,University of Johannesburg
South Africa,University of KwaZulu-Natal
South Africa,University of Limpopo
South Africa,University of North West
South Africa,University of Pretoria
South Africa,University of South Africa
South Africa,University of Stellenbosch
South Africa,University of the Free State
South Africa,University of the Western Cape
South Africa,University of Venda
South Africa,University of Witwatersrand
South Africa,University of Zululand
South Africa,Vaal University of Technology
South Africa,Walter Sisulu University for Technology and Science
Zambia,Cavendish University
Zambia,Copperbelt University
Zambia,Mulungushi University
Zambia,Northrise University
Zambia,Rusangu University
Zambia,University of Lusaka
Zambia,University of Zambia
Zambia,Zambian Open University
Zimbabwe,Africa University
Zimbabwe,Bindura University of Science Education
Zimbabwe,Catholic University in Zimbabwe
Zimbabwe,Chinhoyi University of Technology
Zimbabwe,Great Zimbabwe University
Zimbabwe,Harare Institute of Technology
Zimbabwe,Lupane State University
Zimbabwe,Midlands State University
Zimbabwe,National University of Science and Technology Bulawayo
Zimbabwe,Reformed Church University
Zimbabwe,Solusi University
Zimbabwe,University of Zimbabwe
Zimbabwe,Women's University in Africa
Zimbabwe,Zimbabwe Ezekiel Guti University
Zimbabwe,Zimbabwe Open University
